"nom","type","nb_publi","ouvre_data","pop_insee","CSP_chef","age_chef","part_plus65","nb_crea_entps","flux_migration_res","part_diplomes","depenses_hab"
"Guadeloupe","REG",0,0,400170,"Agents technique et techniciens",59,17.9,5336,11,5.4,1205.20538748532
"Martinique","REG",0,0,382294,"Professions Intermédiaires",84,19.8,3786,11,6.5,2835.52605902787
"Guyane","REG",0,0,271829,"Cadres et professions intellectuelles supérieures",67,5.3,1856,11,5.7,1773.37091399372
"La Réunion","REG",21,1,862814,"Cadres sup. (entreprises publiques)",57,11.1,8278,76,5.4,1158.19560557664
"Île-de-France","REG",303,1,12258425,"Magistrats",53,14.7,251781,75,19.9,388.50250003569
"Centre-Val de Loire","REG",24,1,2645792,"Retraités de l'enseignement",67,21.8,22158,11,6.7,521.946767278002
"Bourgogne-Franche-Comté","REG",24,1,2900558,"Retraités fonct.publique (sf enseig.)",72,22.3,24208,84,6.3,512.83326507865
"Normandie","REG",0,0,3420995,"Permanents politiques",59,20.6,28531,11,6.3,581.751557549777
"Hauts-de-France","REG",167,1,6110588,"Agents généraux d'assurances",56,17.3,51438,11,6.7,539.100692830215
"Grand Est","REG",39,1,5674357,"Médecins",54,19.4,47594,11,7.1,523.226156084293
"Pays de la Loire","REG",52,1,3838856,"Industriels-Chefs entreprise",46,20,34826,53,7.5,462.17083591049
"Bretagne","REG",127,1,3404015,"Autres cadres (secteur privé)",44,21.6,28214,52,8,454.417207985276
"Nouvelle-Aquitaine","REG",2,1,6092505,"Autres professions",70,23.2,69268,76,7.6,496.097332169608
"Occitanie","REG",125,1,5944715,"Fonctionnaires de catégorie A",49,22,78045,75,9.6,529.070784947638
"Auvergne-Rhône-Alpes","REG",71,1,8104357,"Autres professions",46,19.4,103528,11,10,483.363252551683
"Provence-Alpes-Côte d'Azur","REG",69,1,5103573,"Médecins",62,22.5,83274,76,10.1,429.531657662191
"Corse","REG",0,0,335995,"Avocats",54,23,4691,93,7.5,3592.82819815771
"Ain","DEP",39,1,655171,"Représentants de commerce",57,17.3,6546,69,8.5,979.300259611613
"Aisne","DEP",1,1,549587,"Professeurs du secondaire et techn.",59,19.7,3225,51,4,1104.02238055121
"Allier","DEP",0,0,349336,"Professions rattachées à enseignt.",46,26.7,2326,63,4.7,1321.5922763185
"Alpes-de-Haute-Provence","DEP",34,1,167331,"Fonctionnaires de catégorie A",70,25.4,1847,13,7.4,1367.55652682408
"Hautes-Alpes","DEP",61,1,146148,"Retraités fonct.publique (sf enseig.)",72,23.5,1740,13,7.4,1512.96815946848
"Alpes-Maritimes","DEP",24,1,1098539,"Industriels-Chefs entreprise",65,24.2,21957,83,11.6,1139.86256353211
"Ardèche","DEP",17,1,334591,"Autres cadres (secteur privé)",53,24.1,3237,26,5.6,1220.61477813211
"Ardennes","DEP",0,0,283004,"Fonctionnaires de catégorie A",63,20.7,1843,51,3.9,1281.05143740018
"Ariège","DEP",1,1,158205,"Journalistes et autres médias",76,25.4,1670,31,5.6,1408.14581290098
"Aube","DEP",1,1,316639,"Ingénieurs",69,20.9,2637,51,5.2,1157.46973885087
"Aude","DEP",23,1,377580,"Professeurs de faculté",50,25.2,4001,31,6,1495.75159280153
"Aveyron","DEP",0,0,289481,"Retraités fonct.publique (sf enseig.)",73,26.9,2423,31,5.3,1293.75573944404
"Bouches-du-Rhône","DEP",0,0,2047433,"Cadres supérieurs (secteur privé)",59,20,33069,83,11.9,1300.07683241405
"Calvados","DEP",23,1,709715,"Sans profession déclarée",66,20.7,7243,50,7.7,1019.53689444354
"Cantal","DEP",5,1,151615,"Cadres supérieurs (secteur privé)",54,27.3,860,63,4.2,1500.87776367774
"Charente","DEP",57,1,365697,"Pharmaciens",63,24.5,3129,17,5.5,1213.18990544084
"Charente-Maritime","DEP",1,1,660458,"Autres professions",68,26.6,7558,33,6.2,1200.7110722105
"Cher","DEP",0,0,315100,"Retraités des professions libérales",72,25,2168,45,5.2,1207.03448724215
"Corrèze","DEP",0,0,249707,"Agriculteurs propriétaires exploit.",54,26.7,1920,87,5.2,1252.05556259937
"Côte-d'Or","DEP",3,1,546466,"Permanents politiques",68,20.3,5709,71,9.1,1024.57105076986
"Côtes-d'Armor","DEP",133,1,618478,"Agents généraux d'assurances",68,25.2,4164,35,6,1024.9582570439
"Creuse","DEP",0,0,123500,"Autres professions libérales",54,29.5,754,87,4.2,1559.50350445344
"Dordogne","DEP",3,1,426667,"Enseignants 1er deg.-directeurs école",67,28.1,4291,33,5,1274.39994278911
"Doubs","DEP",28,1,552619,"Employés (secteur privé)",59,19.1,4920,70,7.5,975.293708395839
"Drôme","DEP",0,0,522276,"Sans profession déclarée",56,21.3,6163,7,7.3,1170.91143680736
"Eure","DEP",32,1,620046,"Permanents politiques",62,18.5,4852,76,5.6,878.218953206698
"Eure-et-Loir","DEP",29,1,445281,"Retraités salariés privés",84,19.8,3604,78,5.7,1106.26270804279
"Finistère","DEP",45,1,936432,"Sans profession déclarée",50,22.3,6930,56,7.7,937.278806181335
"Gard","DEP",31,1,757564,"Retraités agricoles",68,22.3,8941,34,7.2,1199.0251869545
"Haute-Garonne","DEP",82,1,1373626,"Médecins",73,16.3,22414,81,16.9,1188.17988025853
"Gers","DEP",19,1,197851,"Grands corps de l'état",67,26.9,1886,31,6.3,1336.27550439472
"Gironde","DEP",80,1,1595903,"Fonctionnaires de catégorie A",59,18.8,26039,24,11.3,1069.93572816769
"Hérault","DEP",34,1,1152125,"Retraités fonct.publique (sf enseig.)",75,21,19335,30,11.4,1222.10464901812
"Ille-et-Vilaine","DEP",45,1,1079333,"Fonctionnaires de catégorie A",61,17.5,10675,22,10.9,946.480854166416
"Indre","DEP",8,1,229772,"Retraités salariés privés",71,27.2,1458,37,4,1030.88799871177
"Indre-et-Loire","DEP",1,1,620671,"Fonctionnaires de catégorie A",68,21.1,6155,41,8.7,939.969561957946
"Isère","DEP",33,1,1279514,"Pharmaciens",60,17.9,15998,69,11.8,1208.84193810306
"Jura","DEP",2,1,270142,"Permanents politiques",59,22.9,2097,25,5,1126.79701627292
"Landes","DEP",0,0,418200,"Fonctionnaires de catégorie A",58,24.4,4715,64,5.5,1188.68119375897
"Loir-et-Cher","DEP",80,1,343026,"Industriels-Chefs entreprise",55,24,2596,37,5.5,1099.75330158647
"Loire","DEP",1,1,778211,"Autres retraités",71,21.8,8343,69,6,992.43372729247
"Haute-Loire","DEP",0,0,234613,"Retraités salariés privés",72,23.6,1760,42,4.7,1135.56861789415
"Loire-Atlantique","DEP",260,1,1415805,"Sans profession déclarée",63,17.8,16395,49,10.9,901.664953521142
"Loiret","DEP",41,1,691942,"Agriculteurs propriétaires exploit.",57,19.5,6177,37,7.9,961.95802941576
"Lot","DEP",4,1,179390,"Agents technique et techniciens",64,28.8,1714,31,6.2,1297.77479998885
"Lot-et-Garonne","DEP",0,0,342358,"Fonctionnaires de catégorie A",69,25.6,3060,33,5,1169.0974605822
"Lozère","DEP",0,0,80141,"Fonctionnaires de catégorie A",49,24.7,521,34,5.4,1770.41348460838
"Maine-et-Loire","DEP",88,1,833602,"Médecins",74,19.2,6733,44,6.9,848.025654748909
"Manche","DEP",50,1,516010,"Retraités des professions libérales",70,24,3292,14,4.8,1048.9671840662
"Marne","DEP",0,0,584108,"Enseignants 1er deg.-directeurs école",62,18.8,5259,8,7.4,852.911378409472
"Haute-Marne","DEP",0,0,183720,"Autres professions",45,24,1003,51,3.7,1188.076287285
"Mayenne","DEP",292,1,317742,"Avocats",62,21.4,2411,35,4.7,1075.04596757747
"Meurthe-et-Moselle","DEP",16,1,747614,"Autres cadres (secteur privé)",45,18.8,6520,57,8,990.209472388158
"Meuse","DEP",0,0,195047,"Retraités des professions libérales",73,21.6,978,54,3.8,1253.51579106574
"Morbihan","DEP",17,1,769772,"Autres professions",67,23.5,6445,35,6.4,889.427039097291
"Moselle","DEP",20,1,1064905,"Ingénieurs",67,19,8136,54,6.8,819.251328512872
"Nièvre","DEP",38,1,216182,"Retraités des professions libérales",71,28.7,1321,18,4.4,1436.22346624603
"Nord","DEP",7,1,2639070,"Permanents politiques",70,16.4,27024,62,8.8,1112.03305819474
"Oise","DEP",125,1,842804,"Fonctionnaires de catégorie B",60,16.3,6975,80,6.8,1017.01828628008
"Orne","DEP",0,0,294421,"Professions rattachées à enseignt.",62,25,1828,14,4.2,1179.77169488589
"Pas-de-Calais","DEP",0,0,1494330,"Permanents politiques",69,18,9924,59,4.3,1147.33646788862
"Puy-de-Dôme","DEP",24,1,667365,"Retraités de l'enseignement",71,21.2,6315,3,9,1070.58138667746
"Pyrénées-Atlantiques","DEP",7,1,694279,"Retraités agricoles",77,23.4,8236,40,9.3,1029.93620854152
"Hautes-Pyrénées","DEP",39,1,235131,"Retraités des entreprises publiques",75,26.4,2463,31,6.1,1536.07363206043
"Pyrénées-Orientales","DEP",12,1,482567,"Cadres supérieurs (secteur privé)",52,25.5,5870,34,6.5,1340.62349965911
"Bas-Rhin","DEP",100,1,1139258,"Autres professions",55,17.8,11647,68,10.3,944.430005187587
"Haut-Rhin","DEP",0,0,777734,"Fonctionnaires de catégorie A",64,19,6821,67,7.2,901.499978861667
"Rhône","DEP",0,0,464828,"Sans profession déclarée",63,16.7,34631,38,15.7,974.876703619403
"Haute-Saône","DEP",0,0,244305,"Retraités de l'enseignement",72,22.2,1624,25,4.3,1136.41220282025
"Saône-et-Loire","DEP",14,1,572527,"Industriels-Chefs entreprise",55,25,4434,21,5.2,1078.90691942913
"Sarthe","DEP",1,1,582211,"Avocats",62,21.3,3761,49,5.5,1014.90942357668
"Savoie","DEP",7,1,442775,"Grands corps de l'état",61,20,6076,38,8.4,1216.77561709672
"Haute-Savoie","DEP",0,0,823928,"Retraités salariés privés",74,16.5,11273,73,10.1,982.751897811459
"Paris","DEP",315,1,2210875,"Autres professions",62,16.7,76851,92,38.2,3789.94999065076
"Seine-Maritime","DEP",131,1,1280803,"Fonctionnaires de catégorie A",61,19.2,11316,27,7,1190.6386379248
"Seine-et-Marne","DEP",1,1,1419206,"Professeurs du secondaire et techn.",66,14.1,18953,94,8.4,976.914128928429
"Yvelines","DEP",0,0,1458275,"Industriels-Chefs entreprise",63,16.1,21901,75,19.9,936.440865358043
"Deux-Sèvres","DEP",1,1,385495,"Avocats",72,22.7,2481,86,5.3,966.230763771255
"Somme","DEP",1,1,584797,"Vétérinaires",63,19.1,4290,60,6.1,1080.16218132104
"Tarn","DEP",0,0,397929,"Autres cadres (secteur privé)",47,24.6,4103,31,6.3,1203.96776030397
"Tarn-et-Garonne","DEP",0,0,263125,"Retraités agricoles",71,21.6,2704,31,5.5,1283.45355462233
"Var","DEP",9,1,1073201,"Retraités fonct.publique (sf enseig.)",70,25.5,16786,13,7.8,1109.38483907488
"Vaucluse","DEP",21,1,570921,"Retraités de l'enseignement",77,21.4,7875,13,7.4,1144.48424291627
"Vendée","DEP",0,0,689496,"Retr.artis.commerc.chefs d'entrep.",67,23.5,5526,44,4.4,960.811725144163
"Vienne","DEP",1,1,447026,"Pharmaciens",59,21.3,3822,79,7.7,1002.88024745764
"Haute-Vienne","DEP",0,0,383215,"Professeurs du secondaire et techn.",68,24.1,3263,19,7,1105.94799786021
"Vosges","DEP",0,0,382328,"Autres professions",58,23.2,2750,54,4.2,1182.27554107991
"Yonne","DEP",0,0,350970,"Retr.artis.commerc.chefs d'entrep.",69,23.5,2749,21,4.8,1089.8823032168
"Territoire de Belfort","DEP",0,0,147347,"Permanents politiques",43,19.2,1354,25,8.7,1057.26233998656
"Essonne","DEP",0,0,1305061,"Autres professions libérales",50,14.7,19626,77,13,1107.93713630244
"Hauts-de-Seine","DEP",138,1,1622143,"Autres professions",76,15.1,32480,75,29.5,1160.25193383074
"Seine-Saint-Denis","DEP",356,1,1616311,"Fonctionnaires de catégorie A",51,11.7,35012,77,9.4,1425.54906030461
"Val-de-Marne","DEP",0,0,1389336,"Permanents politiques",70,14.7,26168,75,17,1294.75983533861
"Val-d'Oise","DEP",0,0,1237218,"Retraités de l'enseignement",75,13.3,20790,60,10.3,990.39290963274
"Bourg-en-Bresse","COM",0,0,43454,"Grands corps de l'état",55,22.1,574,1289,7.4,1794.27441478345
"Ferney-Voltaire","COM",0,0,9800,"Fonctionnaires de catégorie B",65,12.7,131,1313,29.2,2554.31705510204
"Saint-Quentin","COM",68,1,55940,"Autres professions",43,21.2,450,80021,6.1,1547.04330532714
"Moulins","COM",0,0,20321,"Ingénieurs",74,25.2,169,3321,7.1,1318.70412873382
"Antibes","COM",107,1,74982,"Retraités des entreprises publiques",73,26.7,1630,6155,15,2988.6701712411
"Cagnes-sur-Mer","COM",0,0,50385,"Retraités de l'enseignement",74,27.3,893,6088,10.8,1170.90695365684
"Cannes","COM",0,0,75046,"Industriels-Chefs entreprise",52,29.8,1755,6030,9.2,3756.05301201929
"Menton","COM",1,1,28942,"Retraités des entreprises publiques",80,26.6,472,6104,6.4,2825.7016253196
"Nice","COM",82,1,345998,"Autres professions",66,23.8,7984,75056,13.2,1995.52292175099
"Villeneuve-Loubet","COM",2,1,14844,"Professions rattachées à enseignt.",66,19.6,370,6027,15,2221.19601926704
"Sedan","COM",0,0,17267,"Professeurs du secondaire et techn.",57,22.5,99,94076,4.3,1626.788994614
"Troyes","COM",0,0,61988,"Avocats",56,18,813,10333,8.1,1631.016957153
"Carcassonne","COM",0,0,47418,"Avocats",79,23.5,586,31555,7.6,1854.77280442026
"Limoux","COM",0,0,10671,"Retraités salariés privés",77,29.5,111,11069,4.9,1382.43828507169
"Rodez","COM",7,1,25747,"Retraités des entreprises publiques",68,22.1,312,31555,10.1,1760.72589194858
"Villefranche-de-Rouergue","COM",0,0,12601,"Retraités fonct.publique (sf enseig.)",74,31.9,109,31555,5.2,1676.14469089755
"Aix-en-Provence","COM",3,1,146385,"Avocats",78,19,3128,13055,24,1673.94450845374
"Allauch","COM",0,0,21484,"Cadres supérieurs (secteur privé)",79,21.9,284,13055,13.4,1393.5655013033
"Arles","COM",0,0,53807,"Fonctionnaires de catégorie A",65,23.9,697,13055,7.6,1940.61476889624
"Bouc-Bel-Air","COM",0,0,14787,"Retraités des professions libérales",72,22.5,214,13001,20,1663.06978765132
"Gardanne","COM",0,0,20761,"Retraités de l'enseignement",86,19.1,299,13001,7.8,2025.36130870382
"Istres","COM",33,1,44248,"Administrateurs de sociétés",67,17.9,486,13056,5.7,2896.834999548
"Marseille","COM",35,1,870018,"Retraités de l'enseignement",81,19,15667,13001,12.8,1605.28806944224
"Martigues","COM",15,1,49310,"Retraités de l'enseignement",79,22.1,560,13077,7.2,3169.09020036504
"Bayeux","COM",0,0,13875,"Agents immobiliers",61,27.8,126,14118,6.7,1943.86035531532
"Caen","COM",5,1,108461,"Administrateurs de sociétés",57,17.6,1790,14327,16.1,1402.20419514849
"Hérouville-Saint-Clair","COM",0,0,22997,"Commercants",58,15.7,281,14118,8.8,1702.77333304344
"Angoulême","COM",0,0,44629,"Permanents politiques",41,19.6,557,16374,11.1,2133.44626162361
"Saint-Yrieix-sur-Charente","COM",0,0,7537,"Retraités de l'enseignement",69,24.2,74,16015,8.9,917.223661934457
"La Rochelle","COM",374,1,78623,"Retr.artis.commerc.chefs d'entrep.",70,23.5,1340,17291,13.2,2118.48817203617
"Bourges","COM",0,0,67841,"Ingénieurs",61,22.7,660,18205,10.1,1709.34684866084
"Vierzon","COM",0,0,27036,"Permanents politiques",53,28,204,18033,3.5,1810.21593578932
"Brive-la-Gaillarde","COM",0,0,48333,"Cadres supérieurs (secteur privé)",55,27.1,482,87085,7.2,2073.3158543852
"Tulle","COM",0,0,15211,"Fonctionnaires de catégorie A",61,23.9,107,19101,5.6,1634.11749194662
"Beaune","COM",0,0,22387,"Avocats",69,23.2,243,21231,7.9,1319.60252021262
"Dijon","COM",0,0,159031,"Grands corps de l'état",70,17.6,2290,75056,15.1,1379.62122774805
"Dinan","COM",0,0,14861,"Professeurs de faculté",59,28.9,157,35238,8.8,1675.03462687572
"Plérin","COM",6,1,14324,"Professeurs du secondaire et techn.",58,25.1,154,22278,10.7,1443.32379712371
"Bergerac","COM",3,1,28166,"Retraités fonct.publique (sf enseig.)",73,30.7,321,24340,6.8,1576.61495562025
"Besançon","COM",10,1,120107,"Agents technique et techniciens",74,18,1454,21231,13.5,1459.70432889007
"Bourg-de-Péage","COM",0,0,10742,"Autres cadres (secteur privé)",52,23,117,26281,5.8,1186.59647179296
"Montélimar","COM",0,0,39924,"Cadres supérieurs (secteur privé)",55,21.4,504,7319,8.1,1217.65217287847
"Romans-sur-Isère","COM",0,0,34095,"Cadres supérieurs (secteur privé)",55,23.2,455,26057,6.7,1489.52462883121
"Valence","COM",0,0,64322,"Industriels-Chefs entreprise",49,20.9,1027,26058,10.5,1668.99928127235
"Évreux","COM",0,0,51560,"Médecins",58,16.8,534,27017,8.3,1809.6413465865
"Vernon","COM",0,0,24661,"Cadres supérieurs (secteur privé)",36,18.6,281,27562,11.3,1434.85301123231
"Val-de-Reuil","COM",0,0,13601,"Magistrats",62,6.9,99,27375,3,2694.83791632968
"Chartres","COM",0,0,40195,"Cadres supérieurs (secteur privé)",67,21.3,510,28218,12.1,2358.09385023013
"Dreux","COM",1,1,31575,"Retr.artis.commerc.chefs d'entrep.",76,16,366,28404,5.8,2012.89491021378
"Brest","COM",0,0,142629,"Autres professions",66,16.5,1350,35238,12.5,959.578727467766
"Morlaix","COM",0,0,15446,"Professeurs du secondaire et techn.",59,22.8,141,29254,8.2,1860.3931548621
"Pont-l'Abbé","COM",2,1,8633,"Autres professions libérales",47,29.3,78,29174,6.8,1341.32984825669
"Alès","COM",0,0,41129,"Retraités de l'enseignement",76,25.5,493,30189,5.3,1474.86210605655
"Beaucaire","COM",0,0,16047,"Permanents politiques",37,18.4,160,13108,3.4,1619.62365675827
"Nîmes","COM",0,0,154196,"Retr.artis.commerc.chefs d'entrep.",75,20.7,2156,34172,9.5,1868.06209350437
"Villeneuve-lès-Avignon","COM",0,0,12314,"Pharmaciens",70,27.8,160,30011,19.3,1425.24121568946
"Balma","COM",4,1,16704,"Autres professions libérales",42,20.6,295,31555,23.9,1252.6674634818
"Castelginest","COM",0,0,10342,"Retraités fonct.publique (sf enseig.)",72,18.2,119,31555,9.7,1409.35392380584
"Frouzins","COM",0,0,9088,"Retraités fonct.publique (sf enseig.)",79,17.2,115,31547,12.4,814.344340889084
"Toulouse","COM",213,1,482738,"Grands corps de l'état",60,13,10784,75056,24.5,1422.54309244352
"Arcachon","COM",0,0,11400,"Avocats",62,51.6,168,33529,12.5,4303.66011403509
"Bordeaux","COM",62,1,256045,"Cadres supérieurs (secteur privé)",52,14.4,7195,75056,24.7,1565.45567685368
"Cestas","COM",0,0,17087,"Autres retraités",78,26.1,185,33318,13.7,1714.28730204249
"Gujan-Mestras","COM",0,0,21435,"Avocats",71,27,296,33529,8.3,1469.49814555633
"Libourne","COM",19,1,25491,"Autres professions libérales",51,21.3,349,33063,7.7,2250.82039661057
"Mérignac","COM",0,0,71203,"Avocats",70,17.4,1214,33063,15.2,1223.10324171734
"Le Teich","COM",0,0,7884,"Agents généraux d'assurances",64,18.5,130,33199,6.1,1529.59497463217
"Agde","COM",0,0,28120,"Permanents politiques",53,30.8,435,34172,5.5,3627.05617460882
"Béziers","COM",0,0,77894,"Journalistes et autres médias",68,23,1231,34172,6.6,1911.23961524636
"Grabels","COM",23,1,8374,"Retraités de l'enseignement",73,14.6,126,34172,17.9,1226.61176856938
"Montpellier","COM",105,1,286098,"Dentistes",63,14.3,6753,34057,20,1402.4985667149
"Sète","COM",27,1,44271,"Chirurgiens",71,30.4,569,34108,7.9,2496.71453728174
"Rennes","COM",145,1,222104,"Fonctionnaires de catégorie A",46,14.5,3542,75056,20.9,1638.25425633937
"Le Rheu","COM",0,0,8859,"Ingénieurs",48,13.7,94,35238,14.5,1278.12929111638
"Saint-Jacques-de-la-Lande","COM",11,1,13114,"Autres professions",52,10.5,181,35238,10.6,1489.78395989019
"Saint-Malo","COM",53,1,47528,"Retraités des entreprises publiques",73,31.2,596,35238,9.9,1952.53734914156
"Vitré","COM",0,0,18448,"Retraités fonct.publique (sf enseig.)",82,20.9,198,35238,7,1750.67845023851
"Déols","COM",0,0,7728,"Retraités fonct.publique (sf enseig.)",79,23.3,61,36044,3.1,1275.57279114907
"Saint-Cyr-sur-Loire","COM",0,0,16092,"Industriels-Chefs entreprise",60,27.6,199,37261,15.6,2082.15917225951
"Saint-Pierre-des-Corps","COM",0,0,16290,"Retraités de l'enseignement",74,20.1,197,37261,6.4,1783.68533333333
"Tours","COM",0,0,139963,"Industriels-Chefs entreprise",58,18.6,2088,37122,14.3,1517.54083722127
"Bourgoin-Jallieu","COM",0,0,28399,"Grands corps de l'état",49,19,474,38193,8.2,1481.24713264552
"Grenoble","COM",57,1,160836,"Ingénieurs",48,15.6,2830,38421,23.5,1885.97539891567
"Le Pont-de-Claix","COM",3,1,10769,"Professeurs de faculté",52,17.3,108,38151,3.7,2825.43454452595
"Lons-le-Saunier","COM",0,0,18149,"Avocats",75,27.1,173,25056,7.7,1639.73551986335
"Blois","COM",14,1,47524,"Sans profession déclarée",60,19.8,625,41047,10.1,2010.95938367982
"Roanne","COM",0,0,35913,"Avocats",58,26.8,466,42184,5.4,1555.25190126138
"Saint-Étienne","COM",0,0,174298,"Cadres (entreprises publiques)",49,20.4,2544,69123,8.9,1780.23363997292
"Nantes","COM",147,1,314611,"Fonctionnaires de catégorie A",42,14.3,5887,75056,22.2,1473.57765879133
"Saint-Nazaire","COM",13,1,72295,"Employés (secteur privé)",51,22.4,648,44109,7.5,1808.11491555433
"Orléans","COM",0,0,118102,"Sans profession déclarée",60,15.4,1599,45232,15.4,1709.28375743002
"Agen","COM",5,1,34565,"Ingénieurs",64,19.2,503,31555,8.8,1774.43942977
"Angers","COM",45,1,155543,"Autres professions",47,17.3,2006,44109,14,1918.60791408164
"Avrillé","COM",0,0,14066,"Médecins",75,26.6,109,49007,13.8,1740.45052395848
"Cholet","COM",0,0,55772,"Avocats",61,21.8,472,49007,6.6,971.560630782471
"Trélazé","COM",0,0,14642,"Retraités salariés privés",81,14.2,155,49007,5.8,1390.25905682284
"Cherbourg-en-Cotentin","COM",0,0,82578,"Cadres supérieurs (secteur privé)",46,20,508,50041,7.3,1937.20046949551
"Châlons-en-Champagne","COM",1,1,46288,"Permanents politiques",51,19,370,51454,6.3,1781.1187795973
"Épernay","COM",0,0,23584,"Avocats",58,20.9,146,51454,6.6,2600.08504324966
"Reims","COM",0,0,187074,"Permanents politiques",46,15.7,2453,75056,11.7,1513.65386809498
"Vitry-le-François","COM",0,0,12969,"Fonctionnaires de catégorie A",69,22.4,87,51262,3.9,1420.7843850721
"Laval","COM",0,0,52359,"Avocats",62,20.9,860,53054,9.4,1367.71785633797
"Longwy","COM",0,0,15076,"Retraités des entreprises publiques",62,19.9,101,54382,5.3,1544.0229815601
"Lunéville","COM",0,0,19161,"Vétérinaires",68,21.2,153,54395,4.6,1528.00490005741
"Nancy","COM",5,1,106953,"Avocats",52,14.4,1618,54547,21.2,1375.81607042346
"Lorient","COM",23,1,58789,"Professeurs du secondaire et techn.",74,20.9,692,56098,8.6,1679.95476483696
"Vannes","COM",0,0,55573,"Fonctionnaires de catégorie A",51,24.9,691,35238,13.1,1698.86967178306
"Forbach","COM",0,0,21967,"Retraités de l'enseignement",66,19.4,179,57660,4.7,1456.30777256794
"Hayange","COM",0,0,15942,"Magistrats",42,19.6,104,57672,3.4,1014.80654999373
"Metz","COM",0,0,119856,"Retraités fonct.publique (sf enseig.)",78,16.3,1539,57480,13.5,1580.61429607195
"Montigny-lès-Metz","COM",0,0,22143,"Cadres supérieurs (secteur privé)",61,22.4,163,57463,10.6,1121.76771530506
"Villeneuve-d'Ascq","COM",7,1,63085,"Retraités de l'enseignement",76,12.4,972,59350,17.2,1696.99964999604
"Cambrai","COM",0,0,33349,"Retraités des professions libérales",71,21,268,59428,5.9,1445.92247143842
"Douai","COM",0,0,40860,"Fonctionnaires de catégorie A",46,17.2,452,59569,8,1780.83286441508
"Grande-Synthe","COM",0,0,23494,"Autres professions",60,13.8,126,59183,2,2985.71392781136
"Hautmont","COM",0,0,14671,"Retr.artis.commerc.chefs d'entrep.",72,16.7,62,59392,2.4,1735.87637788835
"Lille","COM",28,1,236782,"Grands corps de l'état",70,10.7,5270,75056,24.5,1735.48947352417
"Marcq-en-Barœul","COM",0,0,39697,"Avocats",67,19.4,639,59350,25.8,1482.86606469003
"Marly","COM",0,0,11591,"Autres professions",69,21.4,109,59606,5.5,1479.82953067035
"Saint-Saulve","COM",0,0,11303,"Autres retraités",85,20.3,95,59606,9.5,1350.07520835177
"Téteghem-Coudekerque-Village","COM",0,0,8360,"Industriels-Chefs entreprise",59,17,61,59183,7.6,1474.2177284689
"Valenciennes","COM",0,0,44509,"Autres cadres (secteur privé)",55,16.1,621,59350,12.5,3006.03722977375
"Wattrelos","COM",0,0,41570,"Cadres sup. (entreprises publiques)",61,16,322,59599,2.7,1347.93467067597
"Waziers","COM",0,0,7528,"Agents technique et techniciens",73,15.2,58,59178,2.2,1470.30216923486
"Beauvais","COM",1,1,57548,"Agriculteurs propriétaires exploit.",72,16.7,553,80021,7.6,1780.51834642385
"Compiègne","COM",0,0,41660,"Permanents politiques",71,17.9,483,60382,15.4,1615.80624483917
"Montataire","COM",0,0,13523,"Ouvriers (secteur privé)",62,13.3,121,60175,3.4,1783.62645862604
"Arras","COM",0,0,41973,"Professions rattachées à enseignt.",52,16.8,510,62004,10.5,1607.83462035118
"Boulogne-sur-Mer","COM",0,0,42293,"Professeurs de faculté",52,17.9,401,62758,5.7,1696.5890769158
"Bruay-la-Buissière","COM",0,0,22647,"Fonctionnaires de catégorie A",42,19.4,157,62270,2,1622.87087870358
"Calais","COM",0,0,75719,"Autres professions",58,15.7,510,62548,3.3,1735.07441593259
"Hénin-Beaumont","COM",0,0,26260,"Cadres (entreprises publiques)",48,16.4,212,62624,3.8,1911.98021210967
"Chamalières","COM",0,0,17999,"Administrateurs de sociétés",62,27.9,207,63113,21.3,1282.94620034446
"Clermont-Ferrand","COM",0,0,146112,"Sans profession déclarée",51,16.9,2088,63075,14.5,1476.29278820357
"Thiers","COM",0,0,12086,"Fonctionnaires de catégorie A",63,24.8,107,63113,5.2,1979.07024242926
"Bayonne","COM",52,1,51943,"Avocats",69,20.3,946,64024,11.6,1963.7155691816
"Pau","COM",0,0,79022,"Retraités de l'enseignement",70,22.8,1100,64129,13.6,1954.14880767381
"Tarbes","COM",2,1,41862,"Autres retraités",76,24.7,606,31555,7.4,2202.34575486121
"Le Barcarès","COM",0,0,5957,"Industriels-Chefs entreprise",61,37.1,69,66180,4.2,5116.90805774719
"Cabestany","COM",0,0,10030,"Retraités salariés privés",79,27.1,143,66136,8.6,1333.39793918245
"Perpignan","COM",0,0,123602,"Avocats",72,22.2,1722,66028,8.2,1766.46804315464
"Rivesaltes","COM",0,0,8814,"Retraités salariés privés",77,22.1,112,66136,4.9,1713.84755956433
"Lingolsheim","COM",0,0,18740,"Autres retraités",70,19.8,227,67482,9.5,921.634859124867
"Strasbourg","COM",0,0,283515,"Retraités de l'enseignement",76,14.2,4510,67447,20.1,1695.76257623053
"Colmar","COM",0,0,71445,"Retraités fonct.publique (sf enseig.)",79,18.7,659,67482,10.1,1755.73045811463
"Kingersheim","COM",0,0,13336,"Retraités de l'enseignement",69,20.2,129,68224,5,1166.35447885423
"Mulhouse","COM",43,1,110468,"Artisans",62,15.8,1519,68271,7.9,2088.33697595684
"Pfastatt","COM",0,0,9626,"Retraités salariés privés",74,22,94,68224,6.8,1142.38378661957
"Caluire-et-Cuire","COM",0,0,43546,"Industriels-Chefs entreprise",60,21.9,783,69123,20.7,1047.27441556056
"Lyon","COM",16,1,523164,"Professeurs du secondaire et techn.",74,14.8,13101,69266,27,1483.95882849355
"Vaulx-en-Velin","COM",6,1,48906,"Professeurs de faculté",51,11.3,958,69123,4.9,2000.46568008015
"Villeurbanne","COM",3,1,150375,"Professeurs de faculté",75,13.9,3412,69123,17.5,1198.52041203658
"Mâcon","COM",0,0,34448,"Retraités fonct.publique (sf enseig.)",70,22.4,400,69123,7.7,2254.27313051556
"Montceau-les-Mines","COM",0,0,19210,"Professeurs du secondaire et techn.",65,28.4,165,71486,3.1,1340.66686985945
"Coulaines","COM",0,0,7587,"Fonctionnaires de catégorie A",54,19.8,59,72181,4.7,1139.33622116779
"Le Mans","COM",24,1,146804,"Professeurs du secondaire et techn.",61,21.2,1525,49007,9.9,1241.64639873573
"Sablé-sur-Sarthe","COM",0,0,12879,"Permanents politiques",53,23.4,73,72181,4.1,1490.27409503843
"Chambéry","COM",13,1,60872,"Fonctionnaires de catégorie A",61,18.7,944,73179,12.4,2093.69860543435
"Annecy","COM",0,0,130257,"Cadres sup. (entreprises publiques)",62,20.2,2243,69123,13.7,1886.13546918784
"Annemasse","COM",0,0,35461,"Retraités de l'enseignement",75,12.2,658,74298,7.5,1761.86432390514
"Paris","COM",276,1,2210875,"Autres professions",62,16.7,76851,92012,38.2,3789.94999065076
"Déville-lès-Rouen","COM",0,0,10465,"Retraités de l'enseignement",73,17.3,99,76540,7.3,1337.72736263736
"Le Grand-Quevilly","COM",0,0,26175,"Autres professions",85,24,177,76575,3,1561.61403514804
"Le Havre","COM",157,1,172769,"Professeurs du secondaire et techn.",54,19.2,1761,76447,7,1635.52905191325
"Montivilliers","COM",0,0,16215,"Retraités des professions libérales",73,21.2,105,76351,6.9,1695.40567869257
"Octeville-sur-Mer","COM",3,1,5966,"Agents technique et techniciens",63,18,52,76351,10,1328.13757961783
"Rouen","COM",0,0,112596,"Retraités fonct.publique (sf enseig.)",71,14.7,2135,75056,17.8,1557.24903779886
"Sotteville-lès-Rouen","COM",0,0,29766,"Fonctionnaires de catégorie A",65,19.9,351,76540,6.5,1329.13228582947
"Combs-la-Ville","COM",11,1,22393,"Professions rattachées à enseignt.",72,14.4,258,77251,8.6,1573.71409101058
"Meaux","COM",0,0,56249,"Autres professions",57,12.5,892,77513,6.9,1868.62310618855
"Melun","COM",0,0,41183,"Professeurs de faculté",66,11.9,772,77285,10.5,2062.57695262608
"Conflans-Sainte-Honorine","COM",0,0,36058,"Cadres supérieurs (secteur privé)",35,15.7,545,95218,14.4,1753.13891868656
"Élancourt","COM",0,0,25829,"Industriels-Chefs entreprise",67,13.1,361,78383,14.9,1732.18538270936
"Houilles","COM",0,0,32064,"Retr.artis.commerc.chefs d'entrep.",72,14.1,453,78586,22.4,1539.51213884731
"Maisons-Laffitte","COM",0,0,23967,"Grands corps de l'état",73,18.9,407,75056,35.5,1734.53916843994
"Mantes-la-Ville","COM",0,0,19970,"Professeurs du secondaire et techn.",39,14.9,296,78361,6,1375.10935603405
"Poissy","COM",0,0,37524,"Journalistes et autres médias",52,16.8,683,78123,16.2,1956.3064454749
"Sartrouville","COM",0,0,53237,"Grands corps de l'état",58,15.1,913,75056,14.5,1396.10671431523
"Trappes","COM",0,0,32931,"Retraités salariés privés",84,9.8,700,78208,5.8,2103.96823691962
"Vélizy-Villacoublay","COM",0,0,21735,"Industriels-Chefs entreprise",55,17.2,321,78322,18.8,3217.40532229124
"Versailles","COM",0,0,87315,"Grands corps de l'état",61,18.7,1572,75056,37.2,1725.93898986428
"Chauray","COM",0,0,7136,"Retraités de l'enseignement",79,21.3,50,79191,8.7,1860.71440863229
"Niort","COM",9,1,61044,"Cadres supérieurs (secteur privé)",48,21.4,486,86194,11,1710.35265529782
"Amiens","COM",0,0,136998,"Professeurs de faculté",65,14.3,1679,59350,12.5,1261.31937429743
"Montauban","COM",0,0,61978,"Avocats",68,21.1,872,31555,8.1,1846.19919116461
"Fréjus","COM",6,1,54023,"Sans profession déclarée",33,28.1,1002,83118,6.2,1803.73065971901
"Hyères","COM",0,0,56799,"Professeurs de faculté",74,29,808,83047,9.7,1834.41835789362
"La Seyne-sur-Mer","COM",1,1,65386,"Professions rattachées à enseignt.",63,23.9,1017,83137,6.5,1501.74879071973
"Six-Fours-les-Plages","COM",0,0,33904,"Pharmaciens",70,32.5,514,83126,8.6,1590.24988025012
"Toulon","COM",0,0,171643,"Retr.artis.commerc.chefs d'entrep.",74,22.8,2591,83144,9,1362.25180176296
"Avignon","COM",42,1,94200,"Professeurs de faculté",52,18.3,1769,84092,10.2,2210.64259766454
"Orange","COM",0,0,29856,"Retraités des professions libérales",78,21.5,346,13055,6,1535.36400355037
"Le Pontet","COM",0,0,17749,"Autres professions libérales",39,19.2,243,84007,4.9,1816.72345709617
"Les Sables-d'Olonne","COM",0,0,44736,"Sans profession déclarée",45,38.9,478,44109,6.5,1740.31599807761
"Châtellerault","COM",0,0,32887,"Retraités des entreprises publiques",70,25.5,297,86194,6,1460.70135646304
"Poitiers","COM",44,1,90590,"Professeurs de faculté",72,15.5,1113,86041,16.2,1281.01275869301
"Limoges","COM",1,1,135140,"Médecins",70,21.2,1392,87114,10,1453.88619032115
"Épinal","COM",0,0,33454,"Retraités des professions libérales",75,20.8,369,54395,8.2,1868.96986249776
"Auxerre","COM",0,0,36804,"Sans profession déclarée",68,21.9,379,21231,8,1552.33760895555
"Sens","COM",0,0,26688,"Sans profession déclarée",70,22.8,375,89287,7.2,1571.2918678807
"Belfort","COM",0,0,49926,"Cadres supérieurs (secteur privé)",56,17.8,598,90099,11.9,1741.98504706966
"Boussy-Saint-Antoine","COM",0,0,7351,"Sans profession déclarée",41,15.2,98,91514,11.1,1390.86251122296
"Corbeil-Essonnes","COM",0,0,51682,"Administrateurs de sociétés",76,11.1,977,91228,7.1,1645.70822510739
"Draveil","COM",0,0,29558,"Avocats",63,18.3,404,91657,11.7,1260.50876006496
"Grigny","COM",0,0,29118,"Sans profession déclarée",46,8,556,91687,4.7,1698.45407170822
"Longjumeau","COM",13,1,21838,"Sans profession déclarée",50,15.5,340,91161,10.6,1609.346579815
"Massy","COM",0,0,50549,"Cadres supérieurs (secteur privé)",50,12.6,964,75056,24.7,2592.59251340284
"Palaiseau","COM",0,0,34954,"Autres professions",36,13.6,623,75056,26.9,1626.2636327745
"Yerres","COM",0,0,29132,"Agents généraux d'assurances",52,16.7,366,91114,13.5,1592.4862731704
"Antony","COM",0,0,62989,"Retraités des entreprises publiques",74,17.7,993,75056,33.6,1920.15374890854
"Asnières-sur-Seine","COM",5,1,86678,"Avocats",56,13,2042,75056,27.4,1698.41445384065
"Bagneux","COM",0,0,39977,"Enseignants 1er deg.-directeurs école",61,12.7,776,75056,14.5,2282.20094304225
"Boulogne-Billancourt","COM",14,1,120943,"Autres professions",66,16.6,2901,75056,39.2,1609.08146308592
"Châtenay-Malabry","COM",0,0,33413,"Autres professions",64,15.3,501,75056,24.2,1627.19963577051
"Châtillon","COM",0,0,37132,"Autres retraités",79,13.1,579,75056,28,1759.20339087579
"Chaville","COM",11,1,20617,"Retraités salariés privés",74,16.1,311,75056,32.4,1437.97868361061
"Clamart","COM",0,0,53099,"Sans profession déclarée",41,17.1,915,75056,22.8,2148.39927964745
"Colombes","COM",0,0,86050,"Autres professions",83,12.9,1735,75056,19.8,2088.03917292272
"Courbevoie","COM",0,0,82351,"Retr.artis.commerc.chefs d'entrep.",80,14.1,1828,75056,35.5,2233.94201600466
"La Garenne-Colombes","COM",0,0,29503,"Médecins",57,13.6,534,92025,30.2,2080.53881876419
"Issy-les-Moulineaux","COM",97,1,69231,"Professeurs de faculté",80,13.6,1239,75056,36.5,1814.760699831
"Levallois-Perret","COM",0,0,64028,"Permanents politiques",72,14.9,1654,75056,36.3,3210.67596770163
"Nanterre","COM",9,1,96321,"Ingénieurs",67,11.2,2041,75056,18.3,2464.41774805079
"Neuilly-sur-Seine","COM",0,0,61501,"Permanents politiques",58,22.1,1890,75056,45.2,2302.04231313312
"Puteaux","COM",2,1,44941,"Permanents politiques",70,12.7,1068,75056,34.1,5031.68345052402
"Rueil-Malmaison","COM",23,1,79783,"Autres professions",76,15.8,1409,75056,30.2,2851.42021032049
"Saint-Cloud","COM",0,0,30797,"Industriels-Chefs entreprise",57,17.8,553,75056,41.9,1666.07526057733
"Sceaux","COM",2,1,19856,"Ingénieurs conseils",67,21.1,274,75056,41.2,2758.97258612006
"Suresnes","COM",22,1,49145,"Sans profession déclarée",70,12.1,953,75056,33.6,2303.66295370841
"Vanves","COM",1,1,28148,"Permanents politiques",66,18,479,75056,31.2,1589.38962803752
"Aubervilliers","COM",0,0,86533,"Fonctionnaires de catégorie A",65,9.6,2592,75056,7,1598.95608137936
"Aulnay-sous-Bois","COM",0,0,85214,"Grands corps de l'état",53,12.4,1489,93071,6.6,2379.81342877931
"Bondy","COM",0,0,53416,"Fonctionnaires de catégorie A",61,12.6,998,93057,6.6,1990.69091451999
"Clichy-sous-Bois","COM",0,0,29978,"Professeurs du secondaire et techn.",54,8.5,474,93008,3.2,1904.3899863233
"La Courneuve","COM",0,0,42712,"Agents technique et techniciens",64,9.9,1122,75056,4.9,1853.93641037647
"Épinay-sur-Seine","COM",0,0,55754,"Permanents politiques",61,11.3,1088,75056,7,1430.6813882412
"Gagny","COM",0,0,39391,"Retraités fonct.publique (sf enseig.)",79,13.9,612,93077,9.2,1206.01924627453
"Les Lilas","COM",71,1,23119,"Autres professions",63,15.8,514,75056,19.7,1845.95353388987
"Montfermeil","COM",0,0,26262,"Permanents politiques",60,13.6,460,93032,5.9,2252.2885340035
"Montreuil","COM",91,1,109235,"Permanents politiques",43,12.1,3023,75056,18.2,1985.26067615691
"Neuilly-Plaisance","COM",0,0,21321,"Retraités de l'enseignement",73,13.6,395,75056,15.4,1362.06712583838
"Neuilly-sur-Marne","COM",0,0,34859,"Retraités de l'enseignement",82,11.7,586,93032,9.7,1940.8295969477
"Pantin","COM",0,0,55585,"Avocats",59,11.7,1812,75056,15.8,2479.36148313394
"Pierrefitte-sur-Seine","COM",0,0,29728,"Retraités fonct.publique (sf enseig.)",68,10.4,665,93066,5.3,1505.65646562164
"Romainville","COM",0,0,26640,"Fonctionnaires de catégorie A",64,11.7,715,93053,11.2,2598.19943018018
"Rosny-sous-Bois","COM",6,1,45663,"Retr.artis.commerc.chefs d'entrep.",71,13.6,908,75056,10.3,2191.9787462497
"Saint-Denis","COM",0,0,112309,"Ingénieurs",48,9.3,2734,75056,10,2000.87021307286
"Saint-Ouen-sur-Seine","COM",0,0,49949,"Autres cadres (secteur privé)",56,9,1355,75056,16.5,2456.21474503994
"Tremblay-en-France","COM",0,0,35866,"Permanents politiques",76,12.7,648,77294,5.1,3224.9533226454
"Villemomble","COM",10,1,30227,"Autres professions",61,14.4,587,93032,12.3,1603.40326661594
"Choisy-le-Roi","COM",0,0,44781,"Autres cadres (secteur privé)",58,11.9,846,94073,12.2,1732.0714999665
"Créteil","COM",0,0,90052,"Retraités fonct.publique (sf enseig.)",75,13.1,1790,75056,14.4,1802.83588937503
"L'Haÿ-les-Roses","COM",0,0,31416,"Permanents politiques",37,17.9,483,75056,18.5,1806.67327062643
"Joinville-le-Pont","COM",0,0,18973,"Pharmaciens",60,16.8,392,94017,22.4,2583.73054445791
"Saint-Mandé","COM",3,1,22963,"Autres professions libérales",68,17.5,830,75056,35.9,2085.26246788312
"Saint-Maur-des-Fossés","COM",1,1,75833,"Permanents politiques",53,20.2,1419,75056,24.6,1809.1516829085
"Thiais","COM",0,0,29295,"Retraités fonct.publique (sf enseig.)",72,15.7,506,91201,12.3,1590.88255162997
"Villeneuve-le-Roi","COM",0,0,21132,"Fonctionnaires de catégorie A",60,14.6,359,91027,6.7,1835.92454240015
"Villiers-sur-Marne","COM",0,0,29407,"Autres cadres (secteur privé)",69,15.1,539,94017,12.8,1887.75467847791
"Vitry-sur-Seine","COM",0,0,93317,"Cadres supérieurs (secteur privé)",69,13.3,1914,75056,11.2,2108.58937631943
"Argenteuil","COM",0,0,112064,"Retraités salariés privés",73,11.8,2363,95252,8.8,2038.27983420188
"Ermont","COM",0,0,29400,"Professeurs de faculté",73,16,424,95252,15.6,1509.20148401361
"Gonesse","COM",0,0,26556,"Retraités de l'enseignement",71,11.8,451,95019,5.3,2496.38640006025
"Montigny-lès-Cormeilles","COM",0,0,21141,"Autres cadres (secteur privé)",51,10.7,394,95051,7.9,1627.91825883355
"Pontoise","COM",0,0,31880,"Avocats",69,12.5,672,95127,14.2,1489.02904391468
"Bordeaux Métropole","MET",187,1,796273,"Médecins",69,16.3,15999,200054781,16.4,1816.19012107657
"Brest Métropole","MET",210,1,213880,"Autres professions",66,17.8,1826,242900074,12.2,1726.09019113522
"CA Amiens Métropole","CA",0,0,183911,"Autres professions",70,15.8,2078,200054781,11.7,2421.10217675941
"CA Annemasse-les Voirons-Agglomération","CA",1,1,90702,"Retraités de l'enseignement",75,14.2,1305,200067551,9.6,1348.9395745408
"CA Bassin d'Arcachon Sud-Pôle Atlantique (COBAS)","CA",0,0,67244,"Avocats",71,30.7,1068,243300316,8.7,1247.09767191125
"CA Beaune,Côte et Sud - Communauté Beaune-Chagny-Nolay","CA",1,1,53919,"Avocats",69,22.2,511,247100589,6.6,766.126552606688
"CA Bourges Plus","CA",30,1,106729,"Ingénieurs",61,22.8,894,200066330,8.4,785.901371136242
"CA Cannes Pays de Lérins","CA",1,1,160385,"Industriels-Chefs entreprise",52,28.3,3510,200039857,9.8,912.508262867475
"CA Cap Excellence","CA",0,0,102354,"Dentistes",59,15.7,1728,249710062,6.3,568.014368564003
"CA CIVIS (Communauté Intercommunale des VIlles Solidaires)","CA",0,0,182868,"Médecins",69,11.4,1780,249740085,5,861.844003762277
"CA d'Agen","CA",0,0,99176,"Ingénieurs",64,21,1092,243300316,6.9,1415.49744565217
"CA d'Épinal","CA",0,0,115386,"Retraités des professions libérales",75,21.1,901,245400676,5.4,550.864903021164
"CA de Cergy-Pontoise","CA",0,0,208006,"Permanents politiques",65,10.4,3807,200054781,12,918.442514446699
"CA de Châlons-en-Champagne","CA",15,1,82601,"Retraités de l'enseignement",76,18.7,594,200067213,5.7,827.99606457549
"CA de Châlons-en-Champagne","CA",18,1,82601,"Retraités de l'enseignement",76,18.7,594,200067213,5.7,827.99606457549
"CA de Forbach Porte de France","CA",0,0,79237,"Retraités de l'enseignement",66,19.9,496,200070746,4.2,588.913100950314
"CA de l'Auxerrois","CA",1,1,71444,"Sans profession déclarée",68,22.8,605,242100410,6.9,657.775237948603
"CA de l'Ouest Rhodanien","CA",0,0,51863,"Professeurs de faculté",74,22,410,200046977,3.7,748.06918091896
"CA de la Porte du Hainaut","CA",0,0,160249,"Autres retraités",75,16.5,1202,245901160,4,695.191411241256
"CA de la Provence Verte","CA",0,0,100358,"Sans profession déclarée",73,21.4,1440,200054807,7,636.213929532274
"CA de la Région de Compiègne et de la Basse Automne","CA",1,1,84953,"Permanents politiques",71,17.4,814,200054781,12.4,814.861481760503
"CA de la Région Nazairienne et de l'Estuaire (CARENE)","CA",22,1,128035,"Employés (secteur privé)",51,21.5,1091,244400404,6.4,1335.99829007693
"CA de la Riviera Française","CA",0,0,73563,"Retraités des entreprises publiques",80,24.3,1097,200030195,7,734.462873727281
"CA de la Rochelle","CA",28,1,173780,"Retr.artis.commerc.chefs d'entrep.",70,23.9,2558,200041499,10.6,1077.35161497295
"CA de Nîmes Métropole","CA",34,1,262891,"Professions rattachées à enseignt.",67,20.4,3339,243400017,8,1228.22721664112
"CA de Saint-Quentin-en-Yvelines","CA",0,0,232778,"Industriels-Chefs entreprise",67,12.7,3591,200054781,16.5,901.010680047083
"CA de Sophia Antipolis","CA",3,1,179146,"Retraités des entreprises publiques",73,23.5,3971,200030195,16,877.800268551907
"CA de Vesoul","CA",1,1,33926,"Fonctionnaires de catégorie A",46,22.3,288,242500361,6.3,795.84432293816
"CA Dinan Agglomération","CA",9,1,99639,"Permanents politiques",35,25.1,735,243500139,5.4,670.38053703871
"CA du Bassin de Bourg-en-Bresse","CA",0,0,136014,"Grands corps de l'état",55,20.7,1353,200046977,6,930.523095931301
"CA du Bassin de Brive","CA",2,1,110698,"Cadres supérieurs (secteur privé)",55,24.9,922,248719312,5.9,789.619524110643
"CA du Beauvaisis","CA",0,0,104563,"Agriculteurs propriétaires exploit.",72,17.1,861,246000848,6.7,786.771808000918
"CA du Centre Littoral","CA",40,1,139348,"Autres professions libérales",64,7.2,1469,200054781,6.9,537.557635057554
"CA du Choletais","CA",0,0,106711,"Avocats",61,20.4,758,200060010,5,946.613214757616
"CA du Grand Annecy","CA",0,0,206835,"Cadres sup. (entreprises publiques)",62,19,3373,247400740,13.8,841.964013730752
"CA du Grand Sénonais","CA",3,1,60379,"Sans profession déclarée",70,22.7,655,248900896,5.8,796.879930770632
"CA du Niortais","CA",14,1,124588,"Cadres supérieurs (secteur privé)",48,21.1,883,200041994,8.7,1064.10401587633
"CA du Pays Ajaccien","CA",109,1,86418,"Avocats",40,21.7,1106,242000503,7.3,793.882476220232
"CA du Pays Basque","CA",0,0,315349,"Avocats",69,24.4,4597,243300316,9.4,895.005587587086
"CA du Pays de Dreux","CA",0,0,117264,"Retr.artis.commerc.chefs d'entrep.",76,17.5,1069,200071454,4.9,802.811982535134
"CA du Pays de l'Or","CA",1,1,45383,"Permanents politiques",59,25.9,889,243400017,10.7,1295.91286979706
"CA du Pays de Saint Malo Agglomération","CA",25,1,84975,"Retraités des entreprises publiques",73,26.4,930,243500139,7.9,902.682186407767
"CA du Pays Voironnais","CA",0,0,95787,"Retraités salariés privés",73,19.7,1048,200040715,11.9,997.780184576195
"CA du Saint-Quentinois","CA",523,1,83579,"Agents généraux d'assurances",56,20.6,595,240200493,5.4,1153.00685854102
"CA du Val de Fensch","CA",12,1,71065,"Fonctionnaires de catégorie A",63,20.3,482,245701362,3.5,649.869418841905
"CA Épernay,Coteaux et Plaine de Champagne","CA",0,0,49677,"Avocats",58,21.3,289,200067213,5.1,881.427436439398
"CA Evreux Portes de Normandie","CA",1,1,116242,"Médecins",58,17.3,1052,200023414,6.7,1293.10237693777
"CA Flers Agglo","CA",0,0,56064,"Fonctionnaires de catégorie A",61,24.7,285,200065597,3.9,783.001295305365
"CA Grand Belfort","CA",40,1,107435,"Cadres supérieurs (secteur privé)",56,18.7,1076,200065647,10.3,850.215057848932
"CA Grand Châtellerault","CA",0,0,86819,"Retraités des entreprises publiques",70,23.5,629,200069854,4.7,801.258815927389
"CA Grand Lac","CA",0,0,75951,"Permanents politiques",61,21.7,1133,200069110,10.1,1013.19544601124
"CA Grand Montauban","CA",0,0,79428,"Avocats",68,20.4,1059,243100518,7.5,963.552706224505
"CA Haut - Bugey Agglomération","CA",0,0,65393,"Représentants de commerce",57,18.2,564,200071751,4.3,775.085464805101
"CA Hérault-Méditerranée","CA",3,1,79041,"Permanents politiques",53,27.2,1062,243400017,5.4,1246.90159550107
"CA Intercommunale de la Réunion Est (CIREST)","CA",0,0,128017,"Autres professions libérales",77,9.8,956,249740119,3,431.617290437989
"CA Lannion-Trégor Communauté","CA",8,1,103730,"Retraités salariés privés",74,29.1,696,200067981,9.3,1060.79053909187
"CA Le Grand Narbonne","CA",0,0,130164,"Retr.artis.commerc.chefs d'entrep.",68,26,1537,200035863,6.2,978.651110061154
"CA Lisieux Normandie","CA",19,1,76969,"Fonctionnaires de catégorie A",60,22.4,591,200065597,4.3,530.304831815406
"CA Lorient Agglomération","CA",109,1,207857,"Professeurs du secondaire et techn.",74,23.3,1772,243500139,6.8,1044.65484833323
"CA Mâconnais Beaujolais Agglomération","CA",1,1,79539,"Retraités fonct.publique (sf enseig.)",70,21.6,768,200046977,7.5,538.439515332101
"CA Maubeuge Val de Sambre","CA",0,0,127193,"Permanents politiques",38,17.7,722,200043263,3.2,816.865105941365
"CA Melun Val de Seine","CA",0,0,133094,"Professeurs de faculté",66,14.8,2005,200054781,9.1,428.260242535351
"CA Montluçon Communauté","CA",0,0,64249,"Retraités fonct.publique (sf enseig.)",74,27.1,415,246300701,4.7,922.639007455369
"CA Moulins Communauté","CA",8,1,67887,"Ingénieurs",74,24.1,399,246300701,5.3,515.098614462268
"CA Pau Béarn Pyrénées","CA",37,1,166399,"Retraités de l'enseignement",70,22.2,1960,200067296,12.9,975.135127554853
"CA Pays d'Issoire","CA",0,0,57403,"Retraités des professions libérales",72,22.2,468,246300701,5.2,688.711211086529
"CA Provence-Alpes-Agglomération","CA",3,1,48951,"Médecins",61,24.9,431,200054807,6.2,705.708595738596
"CA Quimperlé Communauté","CA",0,0,57117,"Permanents politiques",38,23.9,375,200042174,4.8,790.885900519985
"CA Rodez Agglomération","CA",2,1,58526,"Retraités des entreprises publiques",68,21.6,622,243100518,8.1,1232.58468219253
"CA Saint-Avold Synergie","CA",0,0,54561,"Fonctionnaires de catégorie B",65,20.2,410,245700133,4.1,516.339502391818
"CA Saint-Germain Boucles de Seine","CA",0,0,341615,"Grands corps de l'état",58,16.7,5651,200054781,26.2,136.177747756978
"CA Saumur Val de Loire","CA",0,0,103473,"Retraités de l'enseignement",73,22.7,703,244900015,4.8,655.102356170209
"CA Tarbes-Lourdes-Pyrénées","CA",0,0,126088,"Autres retraités",76,24.8,1347,243100518,6.5,547.858544032739
"CA Territoire de la Côte Ouest (TCO)","CA",0,0,216765,"Retraités fonct.publique (sf enseig.)",78,10.7,2328,249740119,6.2,914.836553179711
"CA Troyes Champagne Métropole","CA",0,0,174658,"Avocats",56,19.6,1821,200054781,6.7,771.436986167253
"CA Val d'Yerres Val de Seine","CA",0,0,179331,"Autres professions libérales",50,16,2514,200054781,11.6,396.212571390334
"CA Valenciennes Métropole","CA",6,1,194673,"Autres cadres (secteur privé)",55,16.8,1699,200042190,6.5,718.540637787469
"CA Versailles Grand Parc (C.A.V.G.P.)","CA",39,1,270042,"Grands corps de l'état",61,17.8,4201,200054781,29.8,228.031801386451
"CC Alpes d'Azur","CC",0,0,9802,"Industriels-Chefs entreprise",65,26.7,115,200030195,5.6,1372.240005101
"CC Berry Loire Puisaye","CC",0,0,18960,"Retraités salariés privés",69,26.6,101,244500211,3.7,433.314646097046
"CC Bresse et Saône","CC",0,0,25831,"Employés (secteur privé)",62,19.9,210,200070308,4,533.35736053579
"CC Châteaubriant-Derval","CC",0,0,45779,"Notaires",61,20.4,289,244400404,3.7,473.135417331091
"CC Cœur Côte Fleurie","CC",47,1,21555,"Retr.artis.commerc.chefs d'entrep.",71,35.8,311,241400878,7.7,1012.02568731153
"CC Cœur de l'Avesnois","CC",0,0,30997,"Retraités fonct.publique (sf enseig.)",73,20.1,176,200043396,4.1,352.956947769139
"CC Cœur de Savoie","CC",0,0,37381,"Retraités fonct.publique (sf enseig.)",56,18.4,385,200069110,7.5,526.503027741366
"CC Côte d'Émeraude","CC",0,0,31767,"Retraités salariés privés",69,33.2,366,200068989,9.3,475.201082884755
"CC de Bayeux Intercom","CC",0,0,30840,"Agents immobiliers",61,25.1,247,200066801,6.4,1144.13668774319
"CC de Freyming-Merlebach","CC",0,0,32757,"Pharmaciens",74,21.7,252,245700372,3.2,485.464597490613
"CC de Grand Lieu","CC",0,0,39210,"Autres professions libérales",47,14.4,342,244400404,6.1,465.077928079572
"CC de l'Aire Cantilienne","CC",0,0,46079,"Permanents politiques",65,20.6,598,200054781,17.8,294.888946808741
"CC de l'Estuaire","CC",0,0,16077,"Retraités de l'enseignement",70,21.1,141,200023794,2.8,1176.56864340362
"CC de l'Ouest Guyanais","CC",0,0,93674,"Professeurs du secondaire et techn.",70,2.6,188,249730045,3.4,191.895724534022
"CC de l'Oust à Brocéliande","CC",0,0,40135,"Cadres supérieurs (secteur privé)",66,22.1,251,200066777,4.4,562.557302852872
"CC de la Haute-Saintonge","CC",0,0,70100,"Retraités de l'enseignement",85,26.8,619,200036473,3.4,415.264949643367
"CC de la Haute Vallée de Chevreuse","CC",0,0,25738,"Ingénieurs",77,21.5,336,200058782,26.7,162.084476260782
"CC de Sablé-sur-Sarthe","CC",0,0,29858,"Permanents politiques",53,20,139,247200132,3.8,791.641708754773
"CC des Coteaux et Landes de Gascogne","CC",0,0,12733,"Agriculteurs propriétaires exploit.",68,30.6,104,200030674,3.5,425.03423545119
"CC des Deux Vallées","CC",0,0,23515,"Retraités salariés privés",68,18.8,141,200067965,4,333.241544546034
"CC des Monts du Pilat","CC",0,0,15549,"Sans profession déclarée",37,22.3,124,244200770,7.2,473.150850858576
"CC des Paysages de la Champagne","CC",0,0,22125,"Enseignants 1er deg.-directeurs école",62,20.9,141,200067684,3.8,638.722495367232
"CC Domfront Tinchebray Interco","CC",0,0,16530,"Autres professions",48,26,92,200035814,3.3,805.368639443436
"CC du Gâtinais en Bourgogne","CC",0,0,17798,"Retraités agricoles",72,20.3,144,248900334,4,324.837049106641
"CC du Haut Pays Bigouden","CC",0,0,18465,"Agents technique et techniciens",61,23.4,116,200068120,4.5,600.528223666396
"CC du Pays Bigouden Sud","CC",0,0,38565,"Employés (secteur privé)",65,30.3,293,200068120,6.3,722.462625178271
"CC du Pays d'Ancenis","CC",0,0,67991,"Médecins",72,17,468,244400404,5.3,472.058708211381
"CC du Pays de Conches","CC",0,0,19193,"Retraités de l'enseignement",76,17.7,132,200071454,4.3,784.463975928724
"CC du Pays de Falaise","CC",0,0,28902,"Retraités fonct.publique (sf enseig.)",80,19.4,175,200065597,4.4,557.145223167947
"CC du Pays de Limours (CCPL)","CC",0,0,27383,"Professeurs du secondaire et techn.",71,16.6,302,200054781,17.5,374.620238103933
"CC du Pays de Saint-Yrieix","CC",0,0,12622,"Architectes",75,31.6,96,248719312,4.3,485.406981460941
"CC du Pays Réuni d'Orange","CC",31,1,45829,"Retraités des professions libérales",78,21,519,248400160,5.8,581.106142180715
"CC du Sud-Artois","CC",0,0,28266,"Permanents politiques",67,18.5,150,200033579,3.4,487.02831069129
"CC Haute Sarthe Alpes Mancelles","CC",0,0,23576,"Fonctionnaires de catégorie B",63,22.5,112,246100663,3,447.722367662029
"CC Inter-Caux-Vexin","CC",0,0,55265,"Fonctionnaires de catégorie A",61,17.9,426,200023414,7.4,268.840229439971
"CC Jalle-Eau-Bourde","CC",0,0,30999,"Autres retraités",78,21,394,243300316,13,403.398255750185
"CC Lieuvin Pays d'Auge","CC",0,0,20873,"Permanents politiques",59,20.2,173,200066413,3.8,754.59721745796
"CC Liffré-Cormier Communauté","CC",0,0,26181,"Autres cadres (secteur privé)",44,13.9,169,243500139,10,373.172823039609
"CC Montfort Communauté","CC",4,1,25859,"Fonctionnaires de catégorie A",51,15.6,178,243500139,7.2,391.308465911288
"CC Moret Seine et Loing","CC",0,0,40103,"Professeurs du secondaire et techn.",66,18.8,465,200072346,9.6,525.357116425205
"CC Piège Lauragais Malepère","CC",0,0,16267,"Professeurs de faculté",50,24.2,135,200035715,6,585.154652978423
"CC Plateau de Caux-Doudeville-Yerville","CC",0,0,21372,"Ingénieurs",70,16.5,138,247600620,4.3,266.584395002807
"CC Pleyben-Châteaulin-Porzay","CC",0,0,24330,"Avocats",55,21.2,154,200068120,5.3,668.212713111385
"CC Roussillon-Conflent","CC",0,0,18621,"Retraités fonct.publique (sf enseig.)",70,22.4,191,200027183,4.9,661.41961548789
"CC Terres de Saône","CC",0,0,13621,"Retraités salariés privés",73,20.4,81,247000011,3,779.103492401439
"CC Thelloise","CC",0,0,61207,"Grands corps de l'état",73,14.7,520,200067999,5.2,432.030356985312
"CC Vienne et Gartempe","CC",0,0,40803,"Autres professions",60,30.1,310,200069854,3.7,503.356942381688
"Clermont Auvergne Métropole","MET",1,1,295358,"Sans profession déclarée",51,20,3455,200070753,13,1200.97100515307
"CU Angers Loire Métropole","CU",36,1,302001,"Autres professions",47,18.5,3322,200071553,11.4,1198.58587107327
"CU Caen la Mer","CU",0,0,271472,"Administrateurs de sociétés",57,18.3,3593,200054781,11.5,1693.55008634408
"CU d'Alençon","CU",0,0,58699,"Retraités de l'enseignement",69,22.8,368,200065597,5.8,1281.28153529021
"CU du Grand Besançon Métropole","CU",56,1,198540,"Agents technique et techniciens",74,18.5,2187,242100410,11.8,1313.31607162285
"CU Le Mans Métropole","CU",0,0,210627,"Professeurs du secondaire et techn.",61,21.1,1905,200054781,8.7,1362.11181268308
"CU Perpignan Méditerranée Métropole","CU",0,0,272800,"Avocats",72,23.9,3503,200043602,7,1161.84862181085
"Dijon Métropole","MET",0,0,257933,"Grands corps de l'état",70,18.9,3398,200054781,12.7,1069.50396843366
"Eurométropole de Strasbourg","MET",61,1,498227,"Employés (secteur privé)",66,16.3,6942,200054781,16,1888.22429376569
"Grenoble-Alpes-Métropole","MET",12,1,450049,"Cadres et professions intellectuelles supérieures",52,17.7,6273,200018166,17.6,1212.36979888857
"Métropole d'Aix-Marseille-Provence","MET",17,1,1898950,"Cadres supérieurs (secteur privé)",59,19.7,31158,200054781,12.3,1618.93298074725
"Métropole de Lyon","MET",631,1,1400134,"Industriels-Chefs entreprise",60,16.2,28918,200054781,18.1,2264.06432618592
"Métropole du Grand Nancy","MET",50,1,261985,"Retraités des professions libérales",82,17.7,3245,245400601,14.8,1648.40777659026
"Métropole du Grand Paris","MET",0,0,7090092,"Autres professions",66,14.7,175339,200058519,24.8,8.62304671504968
"Métropole du Grand Paris","MET",0,0,7090092,"Autres professions",76,14.7,175339,200058519,24.8,8.62304671504968
"Métropole Nice Côte d'Azur","MET",64,1,544819,"Autres professions",66,23.9,11213,240600585,12,2054.07946822706
"Métropole Rouen Normandie","MET",2,1,499169,"Grands corps de l'état",59,18.3,5700,200070449,9.7,1328.55804799577
"Métropole Toulon-Provence-Méditerranée","MET",29,1,439542,"Retr.artis.commerc.chefs d'entrep.",74,25.1,6485,200054807,8.6,1368.14709522639
"Metz Métropole","MET",54,1,226287,"Cadres supérieurs (secteur privé)",61,18.3,2541,245400676,12.1,1084.86666344067
"Montpellier Méditerranée Métropole","MET",136,1,472573,"Dentistes",63,16.3,10245,200054781,18,1652.67902994881
"Nantes Métropole","MET",139,1,654829,"Fonctionnaires de catégorie A",42,16.1,9847,200054781,16.6,1777.15077178928
"Orléans Métropole","MET",52,1,289942,"Professeurs de faculté",69,17.2,3271,200054781,11.9,1499.7502147326
"Rennes Métropole","MET",108,1,454931,"Autres professions",52,15.1,5914,200054781,17.1,1838.05351664318
"Saint-Etienne Métropole","MET",4,1,410290,"Cadres (entreprises publiques)",49,21,4940,200065886,6.9,956.613786541227
"Toulouse Métropole","MET",163,1,775014,"Grands corps de l'état",60,14.7,15208,200054781,21.2,1357.56639006521
"Tours Métropole Val de Loire","MET",41,1,299847,"Industriels-Chefs entreprise",60,20.4,3755,200054781,12.2,906.720806578021
