siren,nom,parti_politique,type,regcode,url_ptf,nb_ptf,url_datagouv,nb_datagouv,id_datagouv,id_ods,pop_insee,lat,long,merge,depcode,part_plus65,nb_crea_entps,flux_migration_res,part_diplomes
214700015,Agen,Union pour la démocratie française,COM,NAQ-75,https://data.agen.fr/explore/?refine.publisher=Mairie+d%27Agen,5,https://www.data.gouv.fr/fr/organizations/5bec29278b4c412a07c7ee5f/,68,5bec29278b4c412a07c7ee5f,Mairie d'Agen,34956,44.202482,0.618546,ptf+datagouv,47,19.2,503,31555,8.8
211300017,Aix-en-Provence,Union pour la démocratie française,COM,PAC-93,https://aix-en-provence.opendatasoft.com/explore/?sort=modified&refine.publisher=Ville+d%27Aix+en+Provence,3,,,,Ville d'Aix en Provence,143006,43.5283,5.453301,ptf,13,19,3128,13055,24
211300017,Aix-en-Provence,Parti radical,COM,PAC-93,https://aix-en-provence.opendatasoft.com/explore/?sort=modified&refine.publisher=Ville+d%27Aix+en+Provence,3,,,,Ville d'Aix en Provence,143006,43.5283,5.453301,ptf,13,19,3128,13055,24
211300017,Aix-en-Provence,Union pour un mouvement populaire,COM,PAC-93,https://aix-en-provence.opendatasoft.com/explore/?sort=modified&refine.publisher=Ville+d%27Aix+en+Provence,3,,,,Ville d'Aix en Provence,143006,43.5283,5.453301,ptf,13,19,3128,13055,24
214900078,Angers,Union pour un mouvement populaire,COM,PDL-52,https://data.angers.fr/explore/?refine.publisher=Ville+d%27Angers,45,,,,Ville d'Angers,155984,47.47207,-0.556585,ptf,49,17.3,2006,44109,14
210600045,Antibes,Union pour la démocratie française,COM,PAC-93,https://trouver.datasud.fr/organization/ville-dantibes-juan-les-pins,107,,,,,76119,43.571992,7.09875,ptf,6,26.7,1630,6155,15
210600045,Antibes,Parti radical,COM,PAC-93,https://trouver.datasud.fr/organization/ville-dantibes-juan-les-pins,107,,,,,76119,43.571992,7.09875,ptf,6,26.7,1630,6155,15
210600045,Antibes,Union pour un mouvement populaire,COM,PAC-93,https://trouver.datasud.fr/organization/ville-dantibes-juan-les-pins,107,,,,,76119,43.571992,7.09875,ptf,6,26.7,1630,6155,15
219200045,Asnières-sur-Seine,Union pour un mouvement populaire,COM,IDF-11,https://opendata.hauts-de-seine.fr/explore/?refine.publisher=Ville+d%27Asnières-sur-Seine,5,https://www.data.gouv.fr/fr/organizations/5a61b7a7c751df3fd36ac81a,1,5a61b7a7c751df3fd36ac81a,Ville d'Asnières-sur-Seine,87286,48.91076,2.285095,ptf+datagouv,92,13,2042,75056,27.4
219200045,Asnières-sur-Seine,Rassemblement pour la République,COM,IDF-11,https://opendata.hauts-de-seine.fr/explore/?refine.publisher=Ville+d%27Asnières-sur-Seine,5,https://www.data.gouv.fr/fr/organizations/5a61b7a7c751df3fd36ac81a,1,5a61b7a7c751df3fd36ac81a,Ville d'Asnières-sur-Seine,87286,48.91076,2.285095,ptf+datagouv,92,13,2042,75056,27.4
219200045,Asnières-sur-Seine,Génération écologie,COM,IDF-11,https://opendata.hauts-de-seine.fr/explore/?refine.publisher=Ville+d%27Asnières-sur-Seine,5,https://www.data.gouv.fr/fr/organizations/5a61b7a7c751df3fd36ac81a,1,5a61b7a7c751df3fd36ac81a,Ville d'Asnières-sur-Seine,87286,48.91076,2.285095,ptf+datagouv,92,13,2042,75056,27.4
219200045,Asnières-sur-Seine,Union pour un mouvement populaire,COM,IDF-11,https://opendata.hauts-de-seine.fr/explore/?refine.publisher=Ville+d%27Asnières-sur-Seine,5,https://www.data.gouv.fr/fr/organizations/5a61b7a7c751df3fd36ac81a,1,5a61b7a7c751df3fd36ac81a,Ville d'Asnières-sur-Seine,87286,48.91076,2.285095,ptf+datagouv,92,13,2042,75056,27.4
219200045,Asnières-sur-Seine,Rassemblement pour la République,COM,IDF-11,https://opendata.hauts-de-seine.fr/explore/?refine.publisher=Ville+d%27Asnières-sur-Seine,5,https://www.data.gouv.fr/fr/organizations/5a61b7a7c751df3fd36ac81a,1,5a61b7a7c751df3fd36ac81a,Ville d'Asnières-sur-Seine,87286,48.91076,2.285095,ptf+datagouv,92,13,2042,75056,27.4
219200045,Asnières-sur-Seine,Génération écologie,COM,IDF-11,https://opendata.hauts-de-seine.fr/explore/?refine.publisher=Ville+d%27Asnières-sur-Seine,5,https://www.data.gouv.fr/fr/organizations/5a61b7a7c751df3fd36ac81a,1,5a61b7a7c751df3fd36ac81a,Ville d'Asnières-sur-Seine,87286,48.91076,2.285095,ptf+datagouv,92,13,2042,75056,27.4
217100148,Autun,Mouvement démocrate,COM,BFC-27,https://www.databfc.fr/bfc/portail,4,https://www.data.gouv.fr/fr/organizations/5bb47c2a634f416334276b4f/,4,5bb47c2a634f416334276b4f,,13635,46.951,4.2978,ptf+datagouv,71,30,125,,6.2
218400075,Avignon,Parti socialiste,COM,PAC-93,https://trouver.datasud.fr/organization/avignon,42,,,,,93968,43.947855,4.807592,ptf,84,18.3,1769,84092,10.2
213100449,Balma,Les Républicains,COM,OCC-76,https://data.toulouse-metropole.fr/explore/?refine.publisher=Mairie+de+Balma,4,,,,Mairie de Balma,16140,43.609568,1.497847,ptf,31,20.6,295,31555,23.9
216401026,Bayonne,Union des démocrates et indépendants,COM,NAQ-75,https://www.bayonne.fr/information-transversale/open-data-datagouvfr,52,https://www.data.gouv.fr/fr/datasets/?sort=-created&organization=58d53c4688ee380aeea5e932,52,58d53c4688ee380aeea5e932,,51228,43.266162,-1.332837,datagouv,64,20.3,946,64024,11.6
216000562,Beauvais,Union pour un mouvement populaire,COM,HDF-32,,,https://www.data.gouv.fr/fr/organizations/587cebc488ee3805cb9b81a4,1,587cebc488ee3805cb9b81a4,,56425,49.433589,2.086266,datagouv,60,16.7,553,80021,7.6
216000562,Beauvais,Rassemblement pour la République,COM,HDF-32,,,https://www.data.gouv.fr/fr/organizations/587cebc488ee3805cb9b81a4,1,587cebc488ee3805cb9b81a4,,56425,49.433589,2.086266,datagouv,60,16.7,553,80021,7.6
212500565,Besançon,Europe Écologie Europe Écologie Europe Écologie Les Verts,COM,BFC-27,https://trouver.ternum-bfc.fr/organization/commune-de-besancon,10,https://www.data.gouv.fr/fr/organizations/539a5b76a3a7293bc272836c/,10,539a5b76a3a7293bc272836c,,116676,47.2422,6.02007,ptf+datagouv,25,18,1454,21231,13.5
214100182,Blois,Parti socialiste,COM,CVL-24,https://data.blois.agglopolys.fr/pages/accueil/,14,,,,,46086,47.5886,1.33711,ptf,41,19.8,625,41047,10.1
213300635,Bordeaux,Union pour un mouvement populaire,COM,NAQ-75,https://opendata.bordeaux-metropole.fr/explore/?disjunctive.publisher&disjunctive.frequence&disjunctive.territoire&sort=title&refine.publisher=Ville+de+Bordeaux,62,,,,Ville de Bordeaux,253812,44.837663,-0.579717,ptf,33,14.4,7195,75056,24.7
213300635,Bordeaux,Rassemblement pour la République,COM,NAQ-75,https://opendata.bordeaux-metropole.fr/explore/?disjunctive.publisher&disjunctive.frequence&disjunctive.territoire&sort=title&refine.publisher=Ville+de+Bordeaux,62,,,,Ville de Bordeaux,253812,44.837663,-0.579717,ptf,33,14.4,7195,75056,24.7
213300635,Bordeaux,Les Républicains,COM,NAQ-75,https://opendata.bordeaux-metropole.fr/explore/?disjunctive.publisher&disjunctive.frequence&disjunctive.territoire&sort=title&refine.publisher=Ville+de+Bordeaux,62,,,,Ville de Bordeaux,253812,44.837663,-0.579717,ptf,33,14.4,7195,75056,24.7
219200128,Boulogne-Billancourt,Union pour la démocratie française,COM,IDF-11,https://boulognebillancourt-seineouest.opendatasoft.com/explore/?sort=title&refine.publisher=Ville+de+Boulogne-Billancourt,14,https://www.data.gouv.fr/fr/organizations/54d8f2a4c751df1df7467389,22,54d8f2a4c751df1df7467389,Ville de Boulogne-Billancourt,119127,48.834945,2.241177,ptf+datagouv,92,16.6,2901,75056,39.2
219400165,Cachan,Parti socialiste,COM,IDF-11,https://cachan.opendatasoft.com/explore/?sort=explore.popularity_score&refine.publisher=Ville+de+Cachan,30,,,,,31069,48.7944,2.33425,ptf,94,14.3,532,75056,26.1
211401187,Caen,Union pour un mouvement populaire,COM,NOR-28,,,https://www.data.gouv.fr/fr/organizations/5d9b54b3634f4164bb0bec9d/,5,5d9b54b3634f4164bb0bec9d,,105354,49.181004,-0.369892,datagouv,14,17.6,1790,14327,16.1
213400575,Castelnau-le-Lez,Union pour un mouvement populaire,COM,OCC-76,http://data.montpellier3m.fr/datasets/commune/castelnau-le-lez,32,,,,,19886,43.636014,3.900681,ptf,34,20.4,552,34172,21.9
213400575,Castelnau-le-Lez,Rassemblement pour la République,COM,OCC-76,http://data.montpellier3m.fr/datasets/commune/castelnau-le-lez,32,,,,,19886,43.636014,3.900681,ptf,34,20.4,552,34172,21.9
213400575,Castelnau-le-Lez,Les Républicains,COM,OCC-76,http://data.montpellier3m.fr/datasets/commune/castelnau-le-lez,32,,,,,19886,43.636014,3.900681,ptf,34,20.4,552,34172,21.9
213400575,Castelnau-le-Lez,République solidaire,COM,OCC-76,http://data.montpellier3m.fr/datasets/commune/castelnau-le-lez,32,,,,,19886,43.636014,3.900681,ptf,34,20.4,552,34172,21.9
215101015,Châlons-en-Champagne,Union pour un mouvement populaire,COM,GES-44,,,https://www.data.gouv.fr/fr/organizations/5badf0508b4c412b0839e0f4/,1,5badf0508b4c412b0839e0f4,,45268,48.9564,4.3642,datagouv,51,19,370,51454,6.3
215101015,Châlons-en-Champagne,Rassemblement pour la République,COM,GES-44,,,https://www.data.gouv.fr/fr/organizations/5badf0508b4c412b0839e0f4/,1,5badf0508b4c412b0839e0f4,,45268,48.9564,4.3642,datagouv,51,19,370,51454,6.3
217300656,Chambéry,Union pour un mouvement populaire,COM,ARA-84,https://donnees.grandchambery.fr/explore/?refine.publisher=Ville+de+Chamb%C3%A9ry,13,,,,Ville de Chambéry,59697,45.5661,5.91978,ptf,73,18.7,944,73179,12.4
217300656,Chambéry,Rassemblement pour la République,COM,ARA-84,https://donnees.grandchambery.fr/explore/?refine.publisher=Ville+de+Chamb%C3%A9ry,13,,,,Ville de Chambéry,59697,45.5661,5.91978,ptf,73,18.7,944,73179,12.4
219200227,Chaville,Union pour un mouvement populaire,COM,IDF-11,https://chaville-seineouest.opendatasoft.com/explore/?sort=title,0,https://www.data.gouv.fr/fr/organizations/5437e8c288ee387cb68f5e87,11,5437e8c288ee387cb68f5e87,,20520,48.8099,2.18829,ptf+datagouv,92,16.1,311,75056,32.4
219200227,Chaville,Union pour un mouvement populaire,COM,IDF-11,https://chaville-seineouest.opendatasoft.com/explore/?sort=title,0,https://www.data.gouv.fr/fr/organizations/5437e8c288ee387cb68f5e87,11,5437e8c288ee387cb68f5e87,,20520,48.8099,2.18829,ptf+datagouv,92,16.1,311,75056,32.4
218300424,Cogolin,Rassemblement national,COM,PAC-93,,,https://www.data.gouv.fr/fr/organizations/5bac7fb68b4c414fe45d8cee/,3,5bac7fb68b4c414fe45d8cee,,12387,43.2519,6.5294,datagouv,83,17.8,273,,4.3
213101496,Colomiers,Section française de l'Internationale ouvrière,COM,OCC-76,https://data.toulouse-metropole.fr/explore/?refine.publisher=Mairie+de+Colomiers,1,,,,Mairie de Colomiers,39266,43.612602,1.335509,ptf,31,15.1,566,31555,15.6
213101496,Colomiers,Section française de l'Internationale ouvrière,COM,OCC-76,https://data.toulouse-metropole.fr/explore/?refine.publisher=Mairie+de+Colomiers,1,,,,Mairie de Colomiers,39266,43.612602,1.335509,ptf,31,15.1,566,31555,15.6
213101496,Colomiers,Parti socialiste,COM,OCC-76,https://data.toulouse-metropole.fr/explore/?refine.publisher=Mairie+de+Colomiers,1,,,,Mairie de Colomiers,39266,43.612602,1.335509,ptf,31,15.1,566,31555,15.6
217701226,Combs-la-Ville,Union pour un mouvement populaire,COM,IDF-11,https://combslaville-grandparissud.opendatasoft.com/explore/?refine.publisher=Mairie+de+Combs-la-Ville,11,,,,Mairie de Combs-la-Ville,22154,48.6646,2.5644,ptf,77,14.4,258,77251,8.6
217701226,Combs-la-Ville,Union pour un mouvement populaire,COM,IDF-11,https://combslaville-grandparissud.opendatasoft.com/explore/?refine.publisher=Mairie+de+Combs-la-Ville,11,,,,Mairie de Combs-la-Ville,22154,48.6646,2.5644,ptf,77,14.4,258,77251,8.6
217602176,Dieppe,Parti communiste français,COM,HDF-32,https://opendata.adico.fr/fr/dataset?organization=commune-de-dieppe,9,,,,,29080,49.924618,1.079144,ptf,76,26.3,228,76618,5.5
210400701,Digne-les-Bains,divers gauche,COM,PAC-93,https://trouver.datasud.fr/organization/ville-de-digne-les-bains,100,,,,,17075,44.092343,6.235322,ptf,4,25.6,135,,7.8
212801344,Dreux,Union pour un mouvement populaire,COM,CVL-24,,,https://www.data.gouv.fr/fr/organizations/5a82b75a88ee3827fadf1afb/,1,5a82b75a88ee3827fadf1afb,,30836,48.736225,1.365471,datagouv,28,16,366,28404,5.8
212801344,Dreux,Rassemblement pour la République,COM,CVL-24,,,https://www.data.gouv.fr/fr/organizations/5a82b75a88ee3827fadf1afb/,1,5a82b75a88ee3827fadf1afb,,30836,48.736225,1.365471,datagouv,28,16,366,28404,5.8
218300614,Fréjus,Rassemblement national,COM,PAC-93,https://trouver.datasud.fr/dataset?_organization_limit=0&organization=ville-de-frejus,6,,,,,52672,43.433031,6.736018,ptf,83,28.1,1002,83118,6.2
213401169,Grabels,Parti socialiste,COM,OCC-76,http://data.montpellier3m.fr/datasets/commune/grabels,23,,,,,8027,43.647587,3.801727,ptf,34,14.6,126,34172,17.9
213401169,Grabels,Parti de gauche,COM,OCC-76,http://data.montpellier3m.fr/datasets/commune/grabels,23,,,,,8027,43.647587,3.801727,ptf,34,14.6,126,34172,17.9
213401169,Grabels,La France insoumise,COM,OCC-76,http://data.montpellier3m.fr/datasets/commune/grabels,23,,,,,8027,43.647587,3.801727,ptf,34,14.6,126,34172,17.9
213801855,Grenoble,Europe Écologie Europe Écologie Europe Écologie Les Verts,COM,ARA-84,http://data.metropolegrenoble.fr/ckan/dataset?organization=grenoble,57,https://www.data.gouv.fr/fr/organizations/5733038988ee38472ed1b934/,59,5733038988ee38472ed1b934,,163357,45.18627,5.725358,ptf+datagouv,38,15.6,2830,38421,23.5
214400699,Guérande,Union pour un mouvement populaire,COM,PDL-52,https://capatlantique-loireatlantique.opendatasoft.com/explore/?refine.publisher=Guérande,4,,,,Guérande,16294,47.3278,-2.4264,ptf,44,23.1,198,,8.6
214400699,Guérande,Rassemblement pour la République,COM,PDL-52,https://capatlantique-loireatlantique.opendatasoft.com/explore/?refine.publisher=Guérande,4,,,,Guérande,16294,47.3278,-2.4264,ptf,44,23.1,198,,8.6
213501331,Iffendic,Parti radical de gauche,COM,BRE-53,,,https://www.data.gouv.fr/fr/organizations/5b32535988ee380dd6e257de/,6,5b32535988ee380dd6e257de,,4456,48.12994,-2.034546,datagouv,35,13.4,28,,5.4
219200409,Issy-les-Moulineaux,Union pour la démocratie française,COM,IDF-11,https://data.issy.com/explore/?disjunctive.features&disjunctive.theme&disjunctive.keyword&disjunctive.publisher&sort=modified&refine.publisher=Ville+d%27Issy-les-Moulineaux,97,https://www.data.gouv.fr/fr/organizations/534fffb7a3a7292c64a78145,278,534fffb7a3a7292c64a78145,Ville d'Issy-les-Moulineaux,69941,48.822524,2.268598,ptf+datagouv,92,13.6,1239,75056,36.5
211300470,Istres,Parti socialiste,COM,PAC-93,https://www.istres.fr/index.php?id=618,33,,,,,43086,43.5165,4.98954,ptf,13,17.9,486,13056,5.7
214400558,La Baule-Escoublac,Les Républicains,COM,PDL-52,https://capatlantique-loireatlantique.opendatasoft.com/explore/?refine.publisher=La+Baule-Escoublac,3,,,,La Baule-Escoublac,15611,47.285,-2.39278,ptf,44,40.7,242,44184,12.3
211703004,La Rochelle,Parti socialiste,COM,NAQ-75,https://opendata.larochelle.fr/dataset/?metakey=dataset_property&metaval=140,374,https://www.data.gouv.fr/fr/organizations/5821930b88ee386862c65bb3/,364,5821930b88ee386862c65bb3,,78358,46.158506,-1.152489,ptf+datagouv,17,23.5,1340,17291,13.2
217603513,Le Havre,Parti socialiste,COM,NOR-28,https://data.lehavreseinemetropole.fr/#,157,https://www.data.gouv.fr/fr/organizations/5a3a7cd8c751df3092aea45a/,61,5a3a7cd8c751df3092aea45a,,174911,49.493304,0.107396,ptf+datagouv,76,19.2,1761,76447,7
217603513,Le Havre,Union pour un mouvement populaire,COM,NOR-28,https://data.lehavreseinemetropole.fr/#,157,https://www.data.gouv.fr/fr/organizations/5a3a7cd8c751df3092aea45a/,61,5a3a7cd8c751df3092aea45a,,174911,49.493304,0.107396,ptf+datagouv,76,19.2,1761,76447,7
217603513,Le Havre,Les Républicains,COM,NOR-28,https://data.lehavreseinemetropole.fr/#,157,https://www.data.gouv.fr/fr/organizations/5a3a7cd8c751df3092aea45a/,61,5a3a7cd8c751df3092aea45a,,174911,49.493304,0.107396,ptf+datagouv,76,19.2,1761,76447,7
217201813,Le Mans,Parti socialiste,COM,PDL-52,http://www.lemans.fr/citoyen/la-collectivite/lopen-data/les-contenus-en-open-data/,24,,,,,147121,48.003264,0.195522,ptf,72,21.2,1525,49007,9.9
219300456,Les Lilas,Parti socialiste,COM,IDF-11,,,https://www.data.gouv.fr/fr/organizations/534fff86a3a7292c64a77eab,71,534fff86a3a7292c64a77eab,,23110,48.879097,2.416428,datagouv,93,15.8,514,75056,19.7
213302433,Libourne,Parti socialiste,COM,NAQ-75,"https://data.libourne.fr/portail?facet.field=[%22organization%22,%22tags%22,%22theme%22,%22features%22]&rows=10&start=0&fq=organization:(la-ville-de-libourne)",19,,,,,24845,44.916111,-0.2427,ptf,33,21.3,349,33063,7.7
215903501,Lille,Parti socialiste,COM,HDF-32,https://opendata.lillemetropole.fr/explore/?refine.publisher=Ville+de+Lille,28,,,,Ville de Lille,232741,50.631564,3.05644,ptf,59,10.7,5270,75056,24.5
218708501,Limoges,Parti socialiste,COM,NAQ-75,https://sig-ville-limoges.opendata.arcgis.com,1,https://www.data.gouv.fr/fr/organizations/54acf7fcc751df4851de6536,3,54acf7fcc751df4851de6536,,136059,45.833763,1.260768,ptf+datagouv,87,21.2,1392,87114,10
219103454,Longjumeau,Les Républicains,COM,IDF-11,,,https://www.data.gouv.fr/fr/organizations/534fff88a3a7292c64a77eb2,13,534fff88a3a7292c64a77eb2,,21949,48.696761,2.294816,datagouv,91,15.5,340,91161,10.6
215601212,Lorient,Parti socialiste,COM,BRE-53,https://www.opendata56.fr/explore/?disjunctive.publisher&sort=modified&refine.publisher=Ville+de+Lorient,23,https://www.data.gouv.fr/fr/organizations/59e05c6588ee386ef4f4f86d/,25,59e05c6588ee386ef4f4f86d,Ville de Lorient,57567,47.7458,-3.36688,ptf+datagouv,56,20.9,692,56098,8.6
216901231,Lyon,Europe Écologie Europe Écologie Europe Écologie Les Verts,COM,ARA-84,https://data.grandlyon.com/recherche?responsibleParty.organisationName=Ville%20de%20Lyon,16,,,,,30428,45.7579,4.8353,ptf,69,14.8,13101,69266,27
211300553,Marseille,Europe Écologie Europe Écologie Les Verts,COM,PAC-93,https://trouver.datasud.fr/organization/ville-de-marseille,35,,,,,24609,43.2804,5.3806,ptf,13,19,15667,13001,12.8
211300553,Marseille,Europe Écologie Europe Écologie Europe Écologie Les Verts,COM,PAC-93,https://trouver.datasud.fr/organization/ville-de-marseille,35,,,,,24609,43.2804,5.3806,ptf,13,19,15667,13001,12.8
211300561,Martigues,Parti communiste français,COM,PAC-93,https://trouver.datasud.fr/organization/ville-de-martigues,15,,,,,49938,43.404463,5.047256,ptf,13,22.1,560,13077,7.2
210600839,Menton,Union pour un mouvement populaire,COM,PAC-93,https://opendata.sictiam.fr/fr/organization/commune-de-menton,1,,,,,28231,43.774548,7.49926,ptf,6,26.6,472,6104,6.4
210600839,Menton,Rassemblement pour la République,COM,PAC-93,https://opendata.sictiam.fr/fr/organization/commune-de-menton,1,,,,,28231,43.774548,7.49926,ptf,6,26.6,472,6104,6.4
210600839,Menton,Union pour la démocratie française,COM,PAC-93,https://opendata.sictiam.fr/fr/organization/commune-de-menton,1,,,,,28231,43.774548,7.49926,ptf,6,26.6,472,6104,6.4
210600839,Menton,Les Républicains,COM,PAC-93,https://opendata.sictiam.fr/fr/organization/commune-de-menton,1,,,,,28231,43.774548,7.49926,ptf,6,26.6,472,6104,6.4
214001927,Mont-de-Marsan,Mouvement démocrate,COM,NAQ-75,,,https://www.data.gouv.fr/fr/organizations/5e78cf325926be02a2e7473e/,1,e78cf325926be02a2e7473e,,29554,43.89338,-0.497155,datagouv,40,21.3,332,40281,6.5
213401722,Montpellier,Parti socialiste,COM,OCC-76,http://data.montpellier3m.fr/datasets/commune/montpellier,105,,,,,282143,43.611024,3.875521,ptf,34,14.3,6753,34057,20
219300480,Montreuil,Parti communiste français,COM,IDF-11,https://data.montreuil.fr/explore/?refine.publisher=Ville+de+Montreuil,91,,,,Ville de Montreuil,108402,48.8638,2.44896,ptf,93,22.2,3,,6.8
216802249,Mulhouse,Les Républicains,COM,GES-44,https://data.mulhouse-alsace.fr/explore/?refine.publisher=Ville+de+Mulhouse,43,,,,Ville de Mulhouse,111892,47.748451,7.338023,ptf,68,15.8,1519,68271,7.9
215403957,Nancy,Union des démocrates et indépendants,COM,GES-44,,,https://www.data.gouv.fr/fr/organizations/5a210bc888ee382bed1f31db/,5,5a210bc888ee382bed1f31db,,105162,48.692365,6.182711,datagouv,54,14.4,1618,54547,21.2
215403957,Nancy,Parti radical,COM,GES-44,,,https://www.data.gouv.fr/fr/organizations/5a210bc888ee382bed1f31db/,5,5a210bc888ee382bed1f31db,,105162,48.692365,6.182711,datagouv,54,14.4,1618,54547,21.2
219200508,Nanterre,Parti communiste français,COM,IDF-11,http://www.nanterre.fr/1166-donnees-a-telecharger.htm,9,https://www.data.gouv.fr/fr/organizations/58ecb30388ee3855493567c6/,9,58ecb30388ee3855493567c6,,95851,48.890461,2.203544,ptf+datagouv,92,11.2,2041,75056,18.3
219200508,Nanterre,Parti communiste français,COM,IDF-11,http://www.nanterre.fr/1166-donnees-a-telecharger.htm,9,https://www.data.gouv.fr/fr/organizations/58ecb30388ee3855493567c6/,9,58ecb30388ee3855493567c6,,95851,48.890461,2.203544,ptf+datagouv,92,11.2,2041,75056,18.3
214401093,Nantes,Parti socialiste,COM,PDL-52,https://data.nantesmetropole.fr/explore/?refine.publisher=Ville+de+Nantes,147,https://www.data.gouv.fr/fr/organizations/534fffb9a3a7292c64a78159,147,534fffb9a3a7292c64a78159,Ville de Nantes,311479,47.216354,-1.554456,ptf+datagouv,44,14.3,5887,75056,22.2
210600888,Nice,Union pour un mouvement populaire,COM,PAC-93,http://opendata.nicecotedazur.org/data/organization/ville-de-nice,82,,,,,346055,43.701875,7.267464,ptf,6,23.8,7984,75056,13.2
210600888,Nice,Rassemblement pour la République,COM,PAC-93,http://opendata.nicecotedazur.org/data/organization/ville-de-nice,82,,,,,346055,43.701875,7.267464,ptf,6,23.8,7984,75056,13.2
219400520,Nogent-sur-Marne,Rassemblement pour la République,COM,IDF-11,,,https://www.data.gouv.fr/fr/organizations/54ca2b22c751df5273467389,8,54ca2b22c751df5273467389,,31825,48.836231,2.482302,datagouv,94,17.5,586,75056,30.5
219400520,Nogent-sur-Marne,Union des démocrates pour la République,COM,IDF-11,,,https://www.data.gouv.fr/fr/organizations/54ca2b22c751df5273467389,8,54ca2b22c751df5273467389,,31825,48.836231,2.482302,datagouv,94,17.5,586,75056,30.5
219400520,Nogent-sur-Marne,Union pour un mouvement populaire,COM,IDF-11,,,https://www.data.gouv.fr/fr/organizations/54ca2b22c751df5273467389,8,54ca2b22c751df5273467389,,31825,48.836231,2.482302,datagouv,94,17.5,586,75056,30.5
219400520,Nogent-sur-Marne,Union pour la nouvelle République,COM,IDF-11,,,https://www.data.gouv.fr/fr/organizations/54ca2b22c751df5273467389,8,54ca2b22c751df5273467389,,31825,48.836231,2.482302,datagouv,94,17.5,586,75056,30.5
217703370,Noisiel,Parti socialiste,COM,IDF-11,https://noisiel-agglo-pvm.opendata.arcgis.com,4,https://www.data.gouv.fr/fr/organizations/ville-de-noisiel/,1,5c0fb6d3634f416a192f0eb7,,15230,48.854771,2.628814,datagouv,77,14.1,297,,9.5
217604818,Octeville-sur-Mer,Divers Droite,COM,NOR-28,https://data.agglo-lehavre.fr,3,,,,,5781,49.5556,0.116329,ptf,76,18,52,76351,10
217500016,Paris,Parti socialiste,COM,IDF-11,https://opendata.paris.fr/explore/?sort=modified,276,https://www.data.gouv.fr/fr/organizations/534fff89a3a7292c64a77eb7,451,534fff89a3a7292c64a77eb7,Mairie de Paris*,27501,48.8589,2.3469,ptf+datagouv,75,16.7,76851,92012,38.2
212201875,Plérin,Parti socialiste,COM,BRE-53,http://datarmor.cotesdarmor.fr/web/guest/donnees,6,https://www.data.gouv.fr/fr/organizations/584ed32c88ee38733fc65bb3,6,584ed32c88ee38733fc65bb3,,14585,48.533663,-2.771207,ptf+datagouv,22,25.1,154,22278,10.7
218601946,Poitiers,Parti socialiste,COM,NAQ-75,https://data.grandpoitiers.fr/explore/?refine.publisher=Ville+de+Poitiers,44,,,,Ville de Poitiers,90559,46.579729,0.334224,ptf,86,15.5,1113,86041,16.2
213803174,Le Pont-de-Claix,Parti socialiste,COM,ARA-84,https://data.metropolegrenoble.fr/ckan/dataset?organization=ville-de-pont-de-claix,3,,,,,10435,45.123684,5.697814,ptf,38,17.3,108,38151,3.7
212902209,Pont-l'Abbé,Les Républicains,COM,BRE-53,,,https://www.data.gouv.fr/fr/organizations/58da32bac751df47f26f37b1,2,58da32bac751df47f26f37b1,,8656,47.866742,-4.223134,datagouv,29,29.3,78,29174,6.8
219200623,Puteaux,Union pour un mouvement populaire,COM,IDF-11,https://opendata.hauts-de-seine.fr/explore/?sort=modified&refine.publisher=Ville+de+Puteaux,2,,,,Ville de Puteaux,45146,48.884152,2.236886,ptf,92,12.7,1068,75056,34.1
219200623,Puteaux,Rassemblement pour la République,COM,IDF-11,https://opendata.hauts-de-seine.fr/explore/?sort=modified&refine.publisher=Ville+de+Puteaux,2,,,,Ville de Puteaux,45146,48.884152,2.236886,ptf,92,12.7,1068,75056,34.1
219200623,Puteaux,Union pour un mouvement populaire,COM,IDF-11,https://opendata.hauts-de-seine.fr/explore/?sort=modified&refine.publisher=Ville+de+Puteaux,2,,,,Ville de Puteaux,45146,48.884152,2.236886,ptf,92,12.7,1068,75056,34.1
219200623,Puteaux,Rassemblement pour la République,COM,IDF-11,https://opendata.hauts-de-seine.fr/explore/?sort=modified&refine.publisher=Ville+de+Puteaux,2,,,,Ville de Puteaux,45146,48.884152,2.236886,ptf,92,12.7,1068,75056,34.1
213502388,Rennes,Parti socialiste,COM,BRE-53,https://data.rennesmetropole.fr/explore/?refine.publisher=Ville+de+Rennes,145,https://www.data.gouv.fr/fr/organizations/534fffb9a3a7292c64a7815d,40,534fffb9a3a7292c64a7815d,Ville de Rennes,221272,48.113844,-1.681632,ptf+datagouv,35,14.5,3542,75056,20.9
211202023,Rodez,Parti socialiste,COM,OCC-76,https://www.ville-rodez.fr/fr/outils/catalogue-open-data.php,7,https://www.data.gouv.fr/fr/organizations/57ff946788ee384fa45ff490,7,57ff946788ee384fa45ff490,,25956,44.349905,2.573472,ptf+datagouv,12,22.1,312,31555,10.1
219300647,Rosny-sous-Bois,Union pour un mouvement populaire,COM,IDF-11,,,https://www.data.gouv.fr/fr/organizations/5b28f5b288ee38047e62143e/,6,5b28f5b288ee38047e62143e,,44728,48.8731,2.48466,datagouv,93,13.6,908,75056,10.3
219200631,Rueil-Malmaison,Union pour un mouvement populaire,COM,IDF-11,https://opendata.hauts-de-seine.fr/explore/?sort=modified&refine.publisher=Ville+de+Rueil-Malmaison,23,,,,Ville de Rueil-Malmaison,78152,48.87778,2.180283,ptf,92,15.8,1409,75056,30.2
219200631,Rueil-Malmaison,Rassemblement pour la République,COM,IDF-11,https://opendata.hauts-de-seine.fr/explore/?sort=modified&refine.publisher=Ville+de+Rueil-Malmaison,23,,,,Ville de Rueil-Malmaison,78152,48.87778,2.180283,ptf,92,15.8,1409,75056,30.2
219200631,Rueil-Malmaison,Union pour un mouvement populaire,COM,IDF-11,https://opendata.hauts-de-seine.fr/explore/?sort=modified&refine.publisher=Ville+de+Rueil-Malmaison,23,,,,Ville de Rueil-Malmaison,78152,48.87778,2.180283,ptf,92,15.8,1409,75056,30.2
219200631,Rueil-Malmaison,Rassemblement pour la République,COM,IDF-11,https://opendata.hauts-de-seine.fr/explore/?sort=modified&refine.publisher=Ville+de+Rueil-Malmaison,23,,,,Ville de Rueil-Malmaison,78152,48.87778,2.180283,ptf,92,15.8,1409,75056,30.2
212105407,Saint-Apollinaire,Union pour un mouvement populaire,COM,BFC-27,https://www.databfc.fr/bfc/portail,1,https://www.data.gouv.fr/fr/organizations/5aec1fe488ee384cbcf3befe/,1,5aec1fe488ee384cbcf3befe,,7353,47.331253,5.083119,ptf+datagouv,21,23.9,1,,15
219740115,Saint-Denis,Parti socialiste,COM,RE-04,http://opendata-sig.saintdenis.re/datasets,54,https://www.data.gouv.fr/fr/organizations/5c050cfb8b4c413be36cb1c3/,48,5c050cfb8b4c413be36cb1c3,,146985,-20.8809,55.4493,ptf+datagouv,974,24.6,5,,4
213502818,Saint-Jacques-de-la-Lande,Parti socialiste,COM,BRE-53,https://data.rennesmetropole.fr/explore/?refine.publisher=Ville+de+Saint-Jacques+de+la+Lande,11,,,,Ville de Saint-Jacques de la Lande,12759,48.090693,-1.697072,ptf,35,10.5,181,35238,10.6
213502883,Saint-Malo,Divers Droite,COM,BRE-53,https://data.stmalo-agglomeration.fr/explore/?refine.publisher=Ville+de+Saint-Malo,53,https://www.data.gouv.fr/fr/organizations/53ba4599a3a729219b7beaca,50,53ba4599a3a729219b7beaca,Ville de Saint-Malo,47318,48.646653,-2.009511,ptf+datagouv,35,31.2,596,35238,9.9
219400686,Saint-Maur-des-Fossés,Union pour un mouvement populaire,COM,IDF-11,,,https://www.data.gouv.fr/fr/organizations/534fffada3a7292c64a780f9,1,534fffada3a7292c64a780f9,,76076,48.802069,2.485364,datagouv,94,20.2,1419,75056,24.6
214401846,Saint-Nazaire,Parti socialiste,COM,PDL-52,https://data.agglo-carene.fr/explore/?refine.publisher=Saint-Nazaire,13,,,,Saint-Nazaire,72333,47.2789,-2.21053,ptf,44,18.8,10,,4.5
210206660,Saint-Quentin,Union pour un mouvement populaire,COM,HDF-32,http://open-data.saint-quentin-numerique.fr/datasets,68,https://www.data.gouv.fr/fr/organizations/534fffaea3a7292c64a780fb,32,534fffaea3a7292c64a780fb,,57232,49.847362,3.28481,ptf+datagouv,2,21.2,450,80021,6.1
210206660,Saint-Quentin,Rassemblement pour la République,COM,HDF-32,http://open-data.saint-quentin-numerique.fr/datasets,68,https://www.data.gouv.fr/fr/organizations/534fffaea3a7292c64a780fb,32,534fffaea3a7292c64a780fb,,57232,49.847362,3.28481,ptf+datagouv,2,21.2,450,80021,6.1
210206660,Saint-Quentin,Les Républicains,COM,HDF-32,http://open-data.saint-quentin-numerique.fr/datasets,68,https://www.data.gouv.fr/fr/organizations/534fffaea3a7292c64a780fb,32,534fffaea3a7292c64a780fb,,57232,49.847362,3.28481,ptf+datagouv,2,21.2,450,80021,6.1
210206660,Saint-Quentin,Les Républicains,COM,HDF-32,http://open-data.saint-quentin-numerique.fr/datasets,68,https://www.data.gouv.fr/fr/organizations/534fffaea3a7292c64a780fb,32,534fffaea3a7292c64a780fb,,57232,49.847362,3.28481,ptf+datagouv,2,21.2,450,80021,6.1
217605526,Sainte-Adresse,Union pour un mouvement populaire,COM,NOR-28,,,https://www.data.gouv.fr/fr/organizations/5b110a9788ee38208c6bc159/,1,5b110a9788ee38208c6bc159,,7368,49.506214,0.083191,datagouv,76,27.5,58,76351,19.7
217605526,Sainte-Adresse,Rassemblement pour la République,COM,NOR-28,,,https://www.data.gouv.fr/fr/organizations/5b110a9788ee38208c6bc159/,1,5b110a9788ee38208c6bc159,,7368,49.506214,0.083191,datagouv,76,27.5,58,76351,19.7
212405203,Sarlat-la-Canéda,Rassemblement pour la République,COM,NAQ-75,,,https://www.data.gouv.fr/fr/organizations/534fffaea3a7292c64a780fe,12,534fffaea3a7292c64a780fe,,10047,44.889174,1.21656,datagouv,24,30.7,123,,6
219200714,Sceaux,Union pour la démocratie française,COM,IDF-11,https://opendata.hauts-de-seine.fr/explore/?sort=modified&refine.publisher=Ville+de+Sceaux,2,,,,Ville de Sceaux,19986,48.7777,2.28964,ptf,92,21.1,274,75056,41.2
219200714,Sceaux,Union pour la démocratie française,COM,IDF-11,https://opendata.hauts-de-seine.fr/explore/?sort=modified&refine.publisher=Ville+de+Sceaux,2,,,,Ville de Sceaux,19986,48.7777,2.28964,ptf,92,21.1,274,75056,41.2
213403017,Sète,Union pour un mouvement populaire,COM,OCC-76,http://opendata.agglopole.fr,27,,,,,44136,43.404483,3.695924,ptf,34,30.4,569,34108,7.9
213403017,Sète,Les Républicains,COM,OCC-76,http://opendata.agglopole.fr,27,,,,,44136,43.404483,3.695924,ptf,34,30.4,569,34108,7.9
219200722,Sèvres,Union pour un mouvement populaire,COM,IDF-11,https://sevres-seineouest.opendatasoft.com/explore/?disjunctive.theme&disjunctive.keyword&sort=modified&refine.publisher=Sèvres,13,https://www.data.gouv.fr/fr/organizations/549971c8c751df352b04805a,20,549971c8c751df352b04805a,Sèvres,23718,48.822152,2.210036,ptf+datagouv,92,17.8,388,75056,34.6
219200730,Suresnes,Union pour un mouvement populaire,COM,IDF-11,https://opendata.hauts-de-seine.fr/explore/?refine.publisher=Ville+de+Suresnes,22,,,,Ville de Suresnes,49113,48.870829,2.227021,ptf,92,12.1,953,75056,33.6
219200730,Suresnes,Rassemblement pour la République,COM,IDF-11,https://opendata.hauts-de-seine.fr/explore/?refine.publisher=Ville+de+Suresnes,22,,,,Ville de Suresnes,49113,48.870829,2.227021,ptf,92,12.1,953,75056,33.6
219200730,Suresnes,Union pour un mouvement populaire,COM,IDF-11,https://opendata.hauts-de-seine.fr/explore/?refine.publisher=Ville+de+Suresnes,22,,,,Ville de Suresnes,49113,48.870829,2.227021,ptf,92,12.1,953,75056,33.6
219200730,Suresnes,Rassemblement pour la République,COM,IDF-11,https://opendata.hauts-de-seine.fr/explore/?refine.publisher=Ville+de+Suresnes,22,,,,Ville de Suresnes,49113,48.870829,2.227021,ptf,92,12.1,953,75056,33.6
213305220,Talence,Union pour la démocratie française,COM,NAQ-75,https://opendata.bordeaux-metropole.fr/explore/?disjunctive.publisher&disjunctive.frequence&disjunctive.territoire&sort=title&refine.publisher=Ville+de+Talence,8,,,,Ville de Talence,42171,44.802614,-0.588054,ptf,33,14.2,734,33063,21.8
216504407,Tarbes,Parti radical,COM,OCC-76,https://opendata.ha-py.fr/pages/mairie-de-tarbes/,2,,,,,41518,43.232858,0.078102,ptf,65,24.7,606,31555,7.4
216504407,Tarbes,Union pour un mouvement populaire,COM,OCC-76,https://opendata.ha-py.fr/pages/mairie-de-tarbes/,2,,,,,41518,43.232858,0.078102,ptf,65,24.7,606,31555,7.4
213105554,Toulouse,Union pour un mouvement populaire,COM,OCC-76,https://data.toulouse-metropole.fr/explore/?refine.publisher=Mairie+de+Toulouse,213,https://www.data.gouv.fr/fr/organizations/534fff8aa3a7292c64a77ecd,49,534fff8aa3a7292c64a77ecd,Mairie de Toulouse + Ville de Toulouse*,479638,43.604268,1.441019,ptf+datagouv,31,13,10784,75056,24.5
219200755,Vanves,Union pour la démocratie française,COM,IDF-11,https://vanves-seineouest.opendatasoft.com/explore/?sort=records_count&refine.publisher=Vanves,1,https://www.data.gouv.fr/fr/organizations/54884a24c751df7226a3fc16,14,54884a24c751df7226a3fc16,Vanves,28139,48.819941,2.287702,ptf+datagouv,92,18,479,75056,31.2
219200755,Vanves,Les Centristes,COM,IDF-11,https://vanves-seineouest.opendatasoft.com/explore/?sort=records_count&refine.publisher=Vanves,1,https://www.data.gouv.fr/fr/organizations/54884a24c751df7226a3fc16,14,54884a24c751df7226a3fc16,Vanves,28139,48.819941,2.287702,ptf+datagouv,92,18,479,75056,31.2
219200755,Vanves,Force européenne démocrate,COM,IDF-11,https://vanves-seineouest.opendatasoft.com/explore/?sort=records_count&refine.publisher=Vanves,1,https://www.data.gouv.fr/fr/organizations/54884a24c751df7226a3fc16,14,54884a24c751df7226a3fc16,Vanves,28139,48.819941,2.287702,ptf+datagouv,92,18,479,75056,31.2
216902569,Vaulx-en-Velin,Parti socialiste,COM,ARA-84,https://data.grandlyon.com/recherche?responsibleParty.organisationName=Ville%20de%20Vaulx-en-Velin,6,,,,,49658,45.778426,4.920615,ptf,69,11.3,958,69123,4.9
219200771,Ville-d'Avray,Union pour la démocratie française,COM,IDF-11,https://villedavray-seineouest.opendatasoft.com/explore/?sort=records_count&refine.publisher=Mairie+de+Ville-d%27Avray,3,https://www.data.gouv.fr/fr/organizations/548b19c6c751df1e6e4120e7,14,548b19c6c751df1e6e4120e7,Mairie de Ville-d'Avray,11703,48.82756,2.18895,ptf+datagouv,92,16.4,170,,37.9
219300779,Villemomble,Union pour un mouvement populaire,COM,IDF-11,,,https://www.data.gouv.fr/fr/organizations/534fffbaa3a7292c64a78162,10,534fffbaa3a7292c64a78162,,30046,48.89031,2.510404,datagouv,93,14.4,587,93032,12.3
219300779,Villemomble,Rassemblement pour la République,COM,IDF-11,,,https://www.data.gouv.fr/fr/organizations/534fffbaa3a7292c64a78162,10,534fffbaa3a7292c64a78162,,30046,48.89031,2.510404,datagouv,93,14.4,587,93032,12.3
215900093,Villeneuve-d'Ascq,divers gauche,COM,HDF-32,https://opendata.lillemetropole.fr/explore/?refine.publisher=Ville+de+Villeneuve+d%27Ascq,7,,,,Ville de Villeneuve d'Ascq,62699,50.618944,3.13119,ptf,59,12.4,972,59350,17.2
210601613,Villeneuve-Loubet,Rassemblement pour la République,COM,PAC-93,https://opendata.sictiam.fr/fr/organization/mairie-de-villeneuve-loubet,2,,,,,14266,43.6579,7.12146,ptf,6,19.6,370,6027,15
210601613,Villeneuve-Loubet,Union pour un mouvement populaire,COM,PAC-93,https://opendata.sictiam.fr/fr/organization/mairie-de-villeneuve-loubet,2,,,,,14266,43.6579,7.12146,ptf,6,19.6,370,6027,15
210601613,Villeneuve-Loubet,Parti socialiste,COM,PAC-93,https://opendata.sictiam.fr/fr/organization/mairie-de-villeneuve-loubet,2,,,,,14266,43.6579,7.12146,ptf,6,19.6,370,6027,15
210601613,Villeneuve-Loubet,Parti socialiste,COM,PAC-93,https://opendata.sictiam.fr/fr/organization/mairie-de-villeneuve-loubet,2,,,,,14266,43.6579,7.12146,ptf,6,19.6,370,6027,15
210601613,Villeneuve-Loubet,Parti socialiste,COM,PAC-93,https://opendata.sictiam.fr/fr/organization/mairie-de-villeneuve-loubet,2,,,,,14266,43.6579,7.12146,ptf,6,19.6,370,6027,15
210601613,Villeneuve-Loubet,Parti socialiste,COM,PAC-93,https://opendata.sictiam.fr/fr/organization/mairie-de-villeneuve-loubet,2,,,,,14266,43.6579,7.12146,ptf,6,19.6,370,6027,15
210601613,Villeneuve-Loubet,"Les Républicains, radical et radical-socialiste",COM,PAC-93,https://opendata.sictiam.fr/fr/organization/mairie-de-villeneuve-loubet,2,,,,,14266,43.6579,7.12146,ptf,6,19.6,370,6027,15
210601613,Villeneuve-Loubet,Parti socialiste unifié,COM,PAC-93,https://opendata.sictiam.fr/fr/organization/mairie-de-villeneuve-loubet,2,,,,,14266,43.6579,7.12146,ptf,6,19.6,370,6027,15
212203897,Yffiniac,Parti socialiste,COM,BRE-53,http://datarmor.cotesdarmor.fr/web/guest/donnees,8,,,,,5093,48.484065,-2.677555,ptf,22,18.9,35,,5
213500010,Acigné,Divers Gauche,COM,BRE-53,https://data.rennesmetropole.fr/explore/?sort=modified&refine.publisher=Commune+d%27Acigné,4,,,,Commune d'Acigné,6275,48.1339,-1.53664,ptf,35,14,46,,18
216400085,Ahaxe-Alciette-Bascassan,Divers Gauche,COM,NAQ-75,,,https://www.data.gouv.fr/fr/organizations/5f55fc85c2d347d5abab8c57/,2,5f55fc85c2d347d5abab8c57,,274,43.145446,-1.165406,datagouv,64,27.6,2,,4.9
210400016,Aiglun,Divers Gauche,COM,PAC-93,https://trouver.datasud.fr/organization/commune-daiglun-04,4,,,,,1384,44.04942,6.137558,ptf,4,27.6,3,,8.1
216400135,Ainhice-Mongelos,Divers Gauche,COM,NAQ-75,,,https://www.data.gouv.fr/fr/organizations/5f340b1cfbebbe5c7c80d24e/,2,5f340b1cfbebbe5c7c80d24e,,173,43.206295,-1.15566,datagouv,64,22.4,2,,2.9
216400143,Ainhoa,Divers Gauche,COM,NAQ-75,,,https://www.data.gouv.fr/fr/organizations/5d4834076f444118283abfcf/,2,5d4834076f444118283abfcf,,672,43.306727,-1.49775,datagouv,64,20.9,7,,5.3
214000010,Aire-sur-l'Adour,Divers Centre,COM,NAQ-75,,,https://www.data.gouv.fr/fr/organizations/5b9a1371634f417f35dc4a7c/,1,5b9a1371634f417f35dc4a7c,,6099,43.7024,-0.262945,datagouv,40,29.2,49,,5.4
217300086,Aix-les-Bains,Divers Droite,COM,ARA-84,,,https://www.data.gouv.fr/fr/organizations/5ab9e75188ee387964e77c2b/,1,5ab9e75188ee387964e77c2b,,30291,45.688789,5.914682,datagouv,73,27.8,488,73300,10.1
218100048,Albi,Divers Centre,COM,OCC-76,https://opendata.mairie-albi.fr/dataset?q=,24,,,,,48970,43.927755,2.147899,ptf,81,25.6,680,31555,10.1
215600016,Allaire,Divers Droite,COM,BRE-53,,,https://www.data.gouv.fr/fr/organizations/5a1d2901c751df5e50300f1c,1,5a1d2901c751df5e50300f1c,,3902,47.636403,-2.164071,datagouv,56,23.6,26,,4.1
215600016,Allaire,Divers Gauche,COM,BRE-53,,,https://www.data.gouv.fr/fr/organizations/5a1d2901c751df5e50300f1c,1,5a1d2901c751df5e50300f1c,,3902,47.636403,-2.164071,datagouv,56,23.6,26,,4.1
213000102,Anduze,Divers Gauche,COM,OCC-76,,,https://www.data.gouv.fr/fr/organizations/5c49b5498b4c4139d1714d76/,3,5c49b5498b4c4139d1714d76,,3484,44.0538,3.98467,datagouv,30,32.5,40,,8.2
216400242,Anglet,Divers Droite,COM,NAQ-75,https://anglet-opendatapaysbasque.opendatasoft.com/explore/?sort=modified,19,,,,,38929,43.4766,-1.5135,ptf,64,27.4,779,64102,11.8
216400457,Arhansus,Divers Droite,COM,NAQ-75,,,https://www.data.gouv.fr/fr/organizations/5e66099d634f411da2f28cfd/,2,5e66099d634f411da2f28cfd,,74,43.25816,-1.034527,datagouv,64,31.5,0,,0
215900176,Armentières,LUG,COM,HDF-32,https://opendata.lillemetropole.fr/explore/?refine.publisher=Ville+d%27ARMENTIERES,2,,,,Ville d'ARMENTIERES,25445,50.687158,2.879932,ptf,59,16.1,259,59143,5.1
213100225,Aucamville,Divers Gauche,COM,OCC-76,https://data.toulouse-metropole.fr/explore/?refine.publisher=Mairie+d%27Aucamville,4,,,,Mairie d'Aucamville,8203,43.667997,1.429367,ptf,31,14.3,149,31555,9.3
213100225,Aucamville,Divers Centre,COM,OCC-76,https://data.toulouse-metropole.fr/explore/?refine.publisher=Mairie+d%27Aucamville,4,,,,Mairie d'Aucamville,8203,43.667997,1.429367,ptf,31,14.3,149,31555,9.3
213100332,Auterive,Divers Gauche,COM,OCC-76,https://data.laregion.fr/explore/?disjunctive.publisher&sort=modified&refine.publisher=Commune+d%27Auterive,1,,,,Commune d'Auterive,9417,43.350837,1.477022,ptf,31,19.2,155,31555,6.6
216400861,Ayherre,Divers Gauche,COM,NAQ-75,,,https://www.data.gouv.fr/fr/organizations/5cfa61b1634f411763ec4dff/,2,5cfa61b1634f411763ec4dff,,1034,43.3915,-1.25433,datagouv,64,15.8,10,,3.9
213400229,Baillargues,Divers Droite,COM,OCC-76,http://data.montpellier3m.fr/datasets/commune/baillargues,26,,,,,7202,43.661125,4.012632,ptf,34,16.6,122,,12.4
213500135,Bains-sur-Oust,Divers Droite,COM,BRE-53,,,https://www.data.gouv.fr/fr/organizations/5a1d64a3c751df51a9440eae,8,5a1d64a3c751df51a9440eae,,3524,47.703591,-2.071711,datagouv,35,21.6,22,,3.6
213500135,Bains-sur-Oust,Divers Gauche,COM,BRE-53,,,https://www.data.gouv.fr/fr/organizations/5a1d64a3c751df51a9440eae,8,5a1d64a3c751df51a9440eae,,3524,47.703591,-2.071711,datagouv,35,21.6,22,,3.6
218300093,Bandol,Divers Centre,COM,PAC-93,https://opendata.sictiam.fr/fr/organization/mairie-de-bandol,1,,,,,8122,43.135894,5.752869,ptf,83,39.2,169,,9.6
215500299,Bar-le-Duc,Divers Centre,COM,GES-44,,,https://www.data.gouv.fr/fr/organizations/56b89c46c751df22549f9dea,32,56b89c46c751df22549f9dea,,16337,48.770942,5.166424,datagouv,55,22,89,,7.1
211200563,Baraqueville,Divers Centre,COM,OCC-76,,,https://www.data.gouv.fr/fr/organizations/59bf94cec751df629f10513d/,1,59bf94cec751df629f10513d,,3141,44.276355,2.432449,datagouv,12,19.3,24,,4.4
214400103,Batz-sur-Mer,Divers Centre,COM,PDL-52,https://data.paysdelaloire.fr/explore/?disjunctive.diffuseur&disjunctive.gestionnaire&disjunctive.publisher&source=shared&sort=title&refine.publisher=Batz-sur-Mer,1,,,,Batz-sur-Mer,2974,47.277138,-2.479193,ptf,44,34.1,37,,6.7
213400278,Beaulieu,Divers Centre,COM,OCC-76,http://data.montpellier3m.fr/datasets/commune/beaulieu,19,,,,,1778,43.728603,4.020106,ptf,34,25.9,8,,3.6
200064699,Beaussais-sur-Mer,Divers Droite,COM,BRE-53,http://datarmor.cotesdarmor.fr/web/guest/donnees,2,,,,,3556,48.562682,-2.139334,ptf,22,27,38,,5.4
215600115,Béganne,Divers Droite,COM,BRE-53,https://www.opendata56.fr/explore/?refine.publisher=Ville+de+B%C3%A9ganne,2,,,,Ville de Béganne,1420,47.596024,-2.240177,ptf,56,30.3,12,,2.6
212200042,Bégard,Divers Gauche,COM,BRE-53,http://datarmor.cotesdarmor.fr/web/guest/donnees,3,,,,,4752,48.627606,-3.30145,ptf,22,23.9,20,,3
216401059,Béguios,Divers Gauche,COM,NAQ-75,,,https://www.data.gouv.fr/fr/organizations/5dcd6e3d634f411cead9eeb8/,2,5dcd6e3d634f411cead9eeb8,,245,43.358627,-1.086947,datagouv,64,31.6,2,,2.2
216201087,Berck,Divers Droite,COM,HDF-32,,,https://www.data.gouv.fr/fr/organizations/5f06e7cf3a2888d20686160c/,1,5f06e7cf3a2888d20686160c,,13726,50.410885,1.58108,datagouv,62,27.8,74,,4
212400378,Bergerac,Divers Droite,COM,NAQ-75,,,https://www.data.gouv.fr/fr/organizations/5dc4192f8b4c41249cc6a390/,3,5dc4192f8b4c41249cc6a390,,27419,44.853456,0.487531,datagouv,24,30.7,321,24340,6.8
214400137,Besné,Divers Droite,COM,PDL-52,https://data.agglo-carene.fr/explore/?refine.publisher=Besné,1,,,,Besné,2958,47.3969,-2.09182,ptf,44,11.6,17,,3.8
213100696,Blagnac,Divers Gauche,COM,OCC-76,https://data.toulouse-metropole.fr/explore/?sort=modified&refine.publisher=Ville+de+Blagnac,76,,,,Ville de Blagnac,22983,43.635,1.38938,ptf,31,16.4,370,31555,20.3
214700312,Boé,Sans étiquette,COM,NAQ-75,,,https://www.data.gouv.fr/fr/organizations/596ca1ecc751df20cc2b38df,11,596ca1ecc751df20cc2b38df,,5679,44.160556,0.629444,datagouv,47,20,79,,5.3
217700376,Bois-le-Roi,Divers Droite,COM,IDF-11,,,https://www.data.gouv.fr/fr/organizations/5e7c7ff9dfaefff40aca1f99/,3,5e7c7ff9dfaefff40aca1f99,,5876,48.47776,2.694077,datagouv,77,14.8,6,,3.8
219400041,Boissy-Saint-Léger,LParti socialiste,COM,IDF-11,"https://boissy.data4citizen.com/portail?facet.field=[%22organization%22,%22tags%22,%22theme%22,%22features%22]&rows=10&start=0&fq=organization:(boissy)",4,,,,,15922,48.75,2.509,ptf,94,13,309,,8.9
219100864,Bondoufle,Sans étiquette,COM,IDF-11,https://bondoufle-grandparissud.opendatasoft.com,0,,,,,9066,48.614974,2.383537,ptf,91,15.4,141,,8.2
213500408,Breteil,Sans étiquette,COM,BRE-53,,,https://www.data.gouv.fr/fr/organizations/5b236d75c751df4eaa3a9b5e/,6,5b236d75c751df4eaa3a9b5e,,3482,48.1447,-1.89854,datagouv,35,16.9,24,,7.5
217700533,Brie-Comte-Robert,LParti socialiste,COM,IDF-11,,,https://www.data.gouv.fr/fr/organizations/5b71455e8b4c41290a9c0450/,1,5b71455e8b4c41290a9c0450,,16635,48.6919,2.61008,datagouv,77,15,244,,6.3
214000564,Brocas,LParti socialiste,COM,NAQ-75,http://opendata.brocaslesforges.fr/project/jeux-donnees/,15,https://www.data.gouv.fr/fr/organizations/534fff65a3a7292c64a77d76,106,534fff65a3a7292c64a77d76,Commune de Brocas,808,44.043403,-0.53602,ptf+datagouv,40,24.8,3,,3.7
216900290,Bron,Les Républicains,COM,ARA-84,https://data.grandlyon.com/recherche?responsibleParty.organisationName=Ville%20de%20Bron,4,,,,,40694,45.733753,4.909235,ptf,69,17,706,69123,12.7
852356583,Brou-sur-Chantereine,Les Républicains,COM,IDF-11,https://brou-sur-chantereine-agglo-pvm.opendata.arcgis.com/,2,,,,,4382,48.885684,2.6289,ptf,77,12.3,72,,4.9
216401554,Bustince-Iriberry,Les Républicains,COM,NAQ-75,,,https://www.data.gouv.fr/fr/organizations/5f3400480daf057063028825/,2,5f3400480daf057063028825,,96,43.188229,-1.179966,datagouv,64,18.4,0,,5.1
216401554,Bustince-Iriberry,Les Républicains,COM,NAQ-75,,,https://www.data.gouv.fr/fr/organizations/5f3400480daf057063028825/,2,5f3400480daf057063028825,,96,43.188229,-1.179966,datagouv,64,18.4,0,,5.1
215600305,Camoël,Les Républicains,COM,BRE-53,https://capatlantique-loireatlantique.opendatasoft.com/explore/?refine.publisher=Camoël,2,,,,Camoël,988,47.4816,-2.39532,ptf,56,23.7,12,,3.3
214900540,Candé,Les Républicains,COM,PDL-52,https://www.opendata49.fr/index.php?id=38,3,,,,,2937,47.560021,-1.037734,ptf,49,27.1,16,,3
216401661,Çaro,Les Républicains,COM,NAQ-75,,,https://www.data.gouv.fr/fr/organizations/5e6622e5634f417ab82d46ec/,2,5e6622e5634f417ab82d46ec,,64166,43.14725,-1.218058,datagouv,64,20.9,3,,6.2
213101132,Castanet-Tolosan,Divers Gauche,COM,OCC-76,https://data.laregion.fr/explore/?disjunctive.publisher&sort=modified&refine.publisher=Commune+de+Castanet-Tolosan,1,,,,Castanet-Tolosan,12833,43.517214,1.49808,ptf,31,16.2,165,31555,22.6
213101181,Castelnau-d'Estrétefonds,Divers Gauche,COM,OCC-76,https://data.laregion.fr/explore/?disjunctive.publisher&sort=modified&refine.publisher=Commune+de+Castelnau-d%27Estr%C3%A9tefonds,0,,,,Commune de Castelnau-d'Estrétefonds,6334,43.78251,1.359089,ptf,31,10.3,97,,9.5
213101181,Castelnau-d'Estrétefonds,Divers Gauche,COM,OCC-76,https://data.laregion.fr/explore/?disjunctive.publisher&sort=modified&refine.publisher=Commune+de+Castelnau-d%27Estr%C3%A9tefonds,0,,,,Commune de Castelnau-d'Estrétefonds,6334,43.78251,1.359089,ptf,31,10.3,97,,9.5
211100763,Castelnaudary,Divers Gauche,COM,OCC-76,,,https://www.data.gouv.fr/fr/organizations/58d2805b88ee3830ab40dd02,12,58d2805b88ee3830ab40dd02,,11563,43.317984,1.952734,datagouv,11,23.9,109,,6.3
211100763,Castelnaudary,Sans étiquette,COM,OCC-76,,,https://www.data.gouv.fr/fr/organizations/58d2805b88ee3830ab40dd02,12,58d2805b88ee3830ab40dd02,,11563,43.317984,1.952734,datagouv,11,23.9,109,,6.3
213400583,Castries,LParti socialiste,COM,OCC-76,http://data.montpellier3m.fr/datasets/commune/castries,26,,,,,6162,43.678515,3.980702,ptf,34,20.9,119,,14.3
213101355,Cazères,Divers Gauche,COM,OCC-76,https://data.laregion.fr/explore/?disjunctive.publisher&sort=modified&refine.publisher=Commune+de+Caz%C3%A8res-sur-Garonne,2,,,,Commune de Cazères-sur-Garonne,4864,43.205679,1.086509,ptf,31,23.8,68,,4.7
213101355,Cazères,Divers Droite,COM,OCC-76,https://data.laregion.fr/explore/?disjunctive.publisher&sort=modified&refine.publisher=Commune+de+Caz%C3%A8res-sur-Garonne,2,,,,Commune de Cazères-sur-Garonne,4864,43.205679,1.086509,ptf,31,23.8,68,,4.7
217700673,Cesson,Divers Droite,COM,IDF-11,https://data.ville-cesson.fr/explore/?refine.publisher=Commune+de+Cesson,1,,,,Commune de Cesson,10033,48.5625,2.60268,ptf,77,14.7,111,,12.3
213500515,Cesson-Sévigné,Divers Centre,COM,BRE-53,https://data.rennesmetropole.fr/explore/?refine.publisher=Ville+de+Cesson-S%C3%A9vign%C3%A9,11,,,,Ville de Cesson-Sévigné,18095,48.120504,-1.60414,ptf,35,22.2,267,35238,23.8
216900407,Champagne-au-Mont-d'Or,Divers Centre,COM,ARA-84,https://data.grandlyon.com/recherche?responsibleParty.organisationName=Ville%20de%20Champagne-au-Mont-d%27Or,6,,,,,5526,45.795491,4.789458,ptf,69,22.2,118,69123,17.4
217700798,Champagne-sur-Seine,Divers Gauche,COM,IDF-11,,,https://www.data.gouv.fr/fr/organizations/5846e4ae88ee3811d6c65bb3/,9,5846e4ae88ee3811d6c65bb3,,6179,48.397326,2.800055,datagouv,77,15.8,83,,4.7
216902718,Chassieu,Divers Gauche,COM,ARA-84,https://data.grandlyon.com/recherche?responsibleParty.organisationName=Ville%20de%20Chassieu,10,,,,,10323,45.74448,4.965418,ptf,69,19,173,,16
200064483,Châteaugiron,Divers Gauche,COM,BRE-53,,,https://www.data.gouv.fr/fr/organizations/5dc1b1c08b4c41677012618b/,1,5dc1b1c08b4c41677012618b,,9966,48.042376,-1.500912,datagouv,35,13.7,81,,14.3
213600448,Châteauroux,Les Républicains,COM,CVL-24,https://data.chateauroux-metropole.fr/explore/?sort=title&refine.publisher=VILLE+DE+CHATEAUROUX,10,,,,VILLE DE CHATEAUROUX,43732,46.8117,1.69206,ptf,36,23.2,422,36063,6.3
217801463,Chatou,Sans étiquette,COM,IDF-11,,,https://www.data.gouv.fr/fr/organizations/5c9e2bfb634f41255724d4ca/,1,5c9e2bfb634f41255724d4ca,,31058,48.8901,2.15582,datagouv,78,17.4,507,75056,29.5
217801463,Chatou,Divers Centre,COM,IDF-11,,,https://www.data.gouv.fr/fr/organizations/5c9e2bfb634f41255724d4ca/,1,5c9e2bfb634f41255724d4ca,,31058,48.8901,2.15582,datagouv,78,17.4,507,75056,29.5
216001446,Chelles,Divers Centre,COM,IDF-11,https://chelles-agglo-pvm.opendata.arcgis.com,4,,,,,54917,48.87838,2.590549,ptf,77,16.9,6,,8.7
214400400,Chéméré,Divers Centre,COM,PDL-52,https://data.loire-atlantique.fr/explore/?refine.publisher=Ville+de+Chéméré,4,,,,Ville de Chéméré,2123,47.977334,-0.441579,ptf,44,,,,
219400199,Chennevières-sur-Marne,Divers Droite,COM,IDF-11,"https://chennevieres.data4citizen.com/portail?facet.field=[%22organization%22,%22tags%22,%22theme%22,%22features%22]&rows=10&start=0&fq=organization:(chennevieres)",5,,,,,18365,48.797768,2.533055,ptf,94,15.8,328,77373,9.8
213400773,Clapiers,Divers Gauche,COM,OCC-76,http://data.montpellier3m.fr/datasets/commune/clapiers,36,,,,,5527,43.65682,3.887375,ptf,34,19.7,78,,24.5
215901521,Comines,Divers Centre,COM,HDF-32,,,https://www.data.gouv.fr/fr/organizations/593fb6b788ee3810680f7775,4,593fb6b788ee3810680f7775,,12491,50.760794,3.007073,datagouv,59,16.4,86,,4.8
217801729,CONFLANS SAINT HONORINE,Divers Centre,COM,IDF-11,https://data.ville-conflans.fr/login/,0,,,,,35846,48.993879,2.094977,ptf,78,,,,
217701317,Coulommiers,Divers Centre,COM,IDF-11,,,https://www.data.gouv.fr/fr/organizations/534fff6ba3a7292c64a77da2,26,534fff6ba3a7292c64a77da2,,15476,48.814839,3.083069,datagouv,77,20.2,160,,4.5
217701317,Coulommiers,LUD,COM,IDF-11,,,https://www.data.gouv.fr/fr/organizations/534fff6ba3a7292c64a77da2,26,534fff6ba3a7292c64a77da2,,15476,48.814839,3.083069,datagouv,77,20.2,160,,4.5
217001817,Courcuire,LUD,COM,BFC-27,https://www.databfc.fr/bfc/portail,1,https://www.data.gouv.fr/fr/organizations/5c937c53634f414c0c84251d/,1,5c937c53634f414c0c84251d,,136,47.3417,5.8229,ptf+datagouv,70,11,0,,6.2
213400872,Cournonsec,LUD,COM,OCC-76,http://data.montpellier3m.fr/datasets/commune/cournonsec,23,,,,,3262,43.548387,3.703853,ptf,34,12.4,50,,8.9
213400880,Cournonterral,Sans étiquette,COM,OCC-76,http://data.montpellier3m.fr/datasets/commune/cournonterral,29,,,,,5844,43.557287,3.718809,ptf,34,17.1,89,,9.7
217701390,Courtry,Divers Centre,COM,IDF-11,https://courtry-agglo-pvm.opendata.arcgis.com/search?collection=Dataset,4,https://www.data.gouv.fr/fr/organizations/5ee8ce78f450050a4fa6a1d3/,0,5ee8ce78f450050a4fa6a1d3,,6492,48.9158,2.60248,ptf+datagouv,77,13.7,80,,6
213101579,Cugnaux,Divers Gauche,COM,OCC-76,,,https://www.data.gouv.fr/fr/organizations/58d27ed688ee383022f3994b/,1,58d27ed688ee383022f3994b,,17600,43.537116,1.342645,datagouv,31,16.8,286,31555,15.5
211701404,Dolus-d'Oléron,Divers Gauche,COM,NAQ-75,,,https://www.data.gouv.fr/fr/organizations/5c8a2eaa8b4c412414de233d/,1,5c8a2eaa8b4c412414de233d,,3270,45.911,-1.26172,datagouv,17,34.1,57,,5
218801413,Dombrot-sur-Vair,Divers Gauche,COM,GES-44,,,https://www.data.gouv.fr/fr/organizations/5d3708eb634f411ba1f2be68/,2,5d3708eb634f411ba1f2be68,,253,48.265182,5.888463,datagouv,88,21.2,0,,1.1
218801561,Doncières,LUG,COM,GES-44,,,https://www.data.gouv.fr/fr/organizations/5e32a7e86f4441203195aaa3/,4,5e32a7e86f4441203195aaa3,,137,48.39407,6.635632,datagouv,88,15.7,0,,1.9
218801561,Doncières,Divers Gauche,COM,GES-44,,,https://www.data.gouv.fr/fr/organizations/5e32a7e86f4441203195aaa3/,4,5e32a7e86f4441203195aaa3,,137,48.39407,6.635632,datagouv,88,15.7,0,,1.9
218801561,Doncières,Europe Écologie Europe Écologie Les Verts,COM,GES-44,,,https://www.data.gouv.fr/fr/organizations/5e32a7e86f4441203195aaa3/,4,5e32a7e86f4441203195aaa3,,137,48.39407,6.635632,datagouv,88,15.7,0,,1.9
214400525,Donges,Divers Centre,COM,PDL-52,https://data.agglo-carene.fr/explore/?refine.publisher=Donges,3,,,,Donges,7699,47.3227,-2.07681,ptf,44,15.8,41,44184,1.4
218300507,Draguignan,Divers Centre,COM,PAC-93,,,https://www.data.gouv.fr/fr/organizations/5bfd0fce634f416c97b0b0a9/,1,5bfd0fce634f416c97b0b0a9,,40278,43.538,6.46351,datagouv,83,20.7,494,83141,7
213801517,Échirolles,LUG,COM,ARA-84,https://data.metropolegrenoble.fr/ckan/dataset?organization=ville-d-echirolles,3,https://www.data.gouv.fr/fr/organizations/5e296fbc6f44414102ba0b85/,3,5e296fbc6f44414102ba0b85,,36227,45.1437,5.71927,ptf+datagouv,38,19.2,485,38185,7.2
216800789,Eguisheim,LUG,COM,GES-44,,,https://www.data.gouv.fr/fr/organizations/5c6ac6e58b4c417067851df5/,1,5c6ac6e58b4c417067851df5,,1734,48.0426,7.3057,datagouv,68,22.1,17,,11.4
217701697,Émerainville,Divers Droite,COM,IDF-11,https://emerainville-agglo-pvm.opendata.arcgis.com/,1,,,,,7720,48.811581,2.621292,ptf,77,13.7,108,,11.6
215901968,Ennetières-en-Weppes,Divers Droite,COM,HDF-32,https://opendata.lillemetropole.fr/explore/?&refine.publisher=commune+Enneti%C3%A8res+en+Weppes,6,,,,commune Ennetières en Weppes,1302,50.634255,2.940735,ptf,59,20.3,22,,17.6
216402222,Etchebar,Divers Droite,COM,NAQ-75,,,https://www.data.gouv.fr/fr/organizations/5ef5cd7ae1f79fd615a5b369/,2,5ef5cd7ae1f79fd615a5b369,,73,43.082849,-0.893093,datagouv,64,17.3,1,,8.8
219102258,Étiolles,Divers Droite,COM,IDF-11,https://etiolles-grandparissud.opendatasoft.com/explore/?sort=modified,0,,,,,3164,48.638067,2.477527,ptf,91,18.8,54,,22.6
210600599,Èze,Divers Droite,COM,PAC-93,,,https://www.data.gouv.fr/fr/organizations/5c388d5a8b4c415b415729d7/,1,5c388d5a8b4c415b415729d7,,2343,43.727,7.36006,datagouv,6,20.5,46,,14
213400955,Fabrègues,Divers Droite,COM,OCC-76,http://data.montpellier3m.fr/datasets/commune/fabr%C3%A8gues,28,,,,,6860,44.94933,2.46336,ptf,34,19.4,115,,7.4
210700886,Faugères,Divers Droite,COM,ARA-84,,,https://www.data.gouv.fr/fr/organizations/57ad996ac751df5e2c97bae5/,5,57ad996ac751df5e2c97bae5,,110,44.730763,4.265219,datagouv,7,35,1,,10
214400574,Fégréac,Divers Droite,COM,PDL-52,,,https://www.data.gouv.fr/fr/organizations/5bb35a75634f410c19c29451/,1,5bb35a75634f410c19c29451,,2440,47.5839,-2.04566,datagouv,44,18.8,16,,2.7
215600586,Férel,Divers Droite,COM,BRE-53,https://capatlantique-loireatlantique.opendatasoft.com/explore/?refine.publisher=Férel,1,,,,Férel,3151,47.4821,-2.34479,ptf,56,18.7,26,,3.5
214200958,Firminy,Divers Droite,COM,ARA-84,,,https://www.data.gouv.fr/fr/organizations/5d15b4d8634f4151ec5b1550/,1,5d15b4d8634f4151ec5b1550,,14082,45.3877,4.28689,datagouv,42,27.5,179,42218,2.8
211402714,Fleury-sur-Orne,Divers Gauche,COM,NOR-28,https://data.fleurysurorne.fr/explore/?refine.publisher=Ville+de+Fleury-sur-Orne,43,,,,Ville de Fleury-sur-Orne,4660,49.146078,-0.376572,ptf,14,19,71,,7.7
213101843,Flourens,Divers Gauche,COM,OCC-76,https://data.toulouse-metropole.fr/explore/?refine.publisher=Mairie+de+Flourens,1,,,,Mairie de Flourens,1930,43.595145,1.562612,ptf,31,19.1,22,,21.4
213101876,Fonsorbes,Divers Gauche,COM,OCC-76,https://data.laregion.fr/explore/?disjunctive.publisher&sort=modified&refine.publisher=Commune+de+Fonsorbes,0,,,,Commune de Fonsorbes,11743,43.535327,1.231499,ptf,31,13.3,144,31555,12.7
211300397,Fos-sur-Mer,LParti socialiste,COM,PAC-93,https://fos-sur-mer.opendatasoft.com/explore/?sort=modified&refine.publisher=Commune+de+Fos-Sur-Mer,4,,,,Commune de Fos-Sur-Mer,15494,43.438071,4.945595,ptf,13,17.3,164,13047,3.1
216402289,Gabat,LParti socialiste,COM,NAQ-75,,,https://www.data.gouv.fr/fr/organizations/5e53e62a634f41661560452d/,2,5e53e62a634f41661560452d,,235,43.36994,-1.03601,datagouv,64,19.9,3,,7.7
216402297,Gamarthe,LParti socialiste,COM,NAQ-75,,,https://www.data.gouv.fr/fr/organizations/5ef5b74d7dd541efb59254fb/,2,5ef5b74d7dd541efb59254fb,,126,43.201751,-1.142448,datagouv,64,15.9,1,,3.5
213401110,Ganges,Divers Gauche,COM,OCC-76,,,https://www.data.gouv.fr/fr/organizations/5c45a5c18b4c4104123ed6d5/,2,5c45a5c18b4c4104123ed6d5,,3950,43.9335,3.70736,datagouv,34,30.9,36,,5
219502689,Garges-lès-Gonesse,LUG,COM,IDF-11,"https://garges.data4citizen.com/portail?facet.field=[%22organization%22,%22tags%22,%22theme%22,%22features%22]&rows=10&start=0&fq=organization:(ville_de_gargeslesgonesse)",2,,,,,42728,48.966667,2.416666,ptf,95,9.8,703,95585,4.8
219502689,Garges-lès-Gonesse,Divers Centre,COM,IDF-11,"https://garges.data4citizen.com/portail?facet.field=[%22organization%22,%22tags%22,%22theme%22,%22features%22]&rows=10&start=0&fq=organization:(ville_de_gargeslesgonesse)",2,,,,,42728,48.966667,2.416666,ptf,95,9.8,703,95585,4.8
215002189,Granville,Divers Centre,COM,NOR-28,,,https://www.data.gouv.fr/fr/organizations/5c6ab1d98b4c41356c6fa89a/,0,5c6ab1d98b4c41356c6fa89a,,13175,48.8375,-1.58837,datagouv,50,37.1,112,50165,5.7
214400673,Guémené-Penfao,Divers Centre,COM,PDL-52,,,https://www.data.gouv.fr/fr/organizations/5b8fe384634f414b25ea1d30/,1,5b8fe384634f414b25ea1d30,,5231,47.6298,-1.83388,datagouv,44,24.2,32,,3.2
214400673,Guémené-Penfao,Divers Droite,COM,PDL-52,,,https://www.data.gouv.fr/fr/organizations/5b8fe384634f414b25ea1d30/,1,5b8fe384634f414b25ea1d30,,5231,47.6298,-1.83388,datagouv,44,24.2,32,,3.2
215600784,Guidel,LRN,COM,BRE-53,https://www.opendata56.fr/explore/?refine.publisher=Ville+de+Guidel,1,,,,Ville de Guidel,11807,47.790533,-3.488826,ptf,56,20.8,94,,8.9
215600784,Guidel,Divers Centre,COM,BRE-53,https://www.opendata56.fr/explore/?refine.publisher=Ville+de+Guidel,1,,,,Ville de Guidel,11807,47.790533,-3.488826,ptf,56,20.8,94,,8.9
215600784,Guidel,Divers Droite,COM,BRE-53,https://www.opendata56.fr/explore/?refine.publisher=Ville+de+Guidel,1,,,,Ville de Guidel,11807,47.790533,-3.488826,ptf,56,20.8,94,,8.9
212200703,GUINGUAMP,Divers Droite,COM,BRE-53,http://datarmor.cotesdarmor.fr/web/guest/donnees,11,,,,,7684,48.56234,-3.152203,ptf,22,,,,
216402552,Halsou,LUG,COM,NAQ-75,,,https://www.data.gouv.fr/fr/organizations/5e4fd909634f41282fea1334/,2,5e4fd909634f41282fea1334,,575,43.37555,-1.421383,datagouv,64,18.3,3,,6.7
216402552,Halsou,Divers Droite,COM,NAQ-75,,,https://www.data.gouv.fr/fr/organizations/5e4fd909634f41282fea1334/,2,5e4fd909634f41282fea1334,,575,43.37555,-1.421383,datagouv,64,18.3,3,,6.7
214400723,Herbignac,Divers Gauche,COM,PDL-52,https://data.paysdelaloire.fr/explore/?disjunctive.diffuseur&disjunctive.gestionnaire&disjunctive.publisher&source=shared&sort=title&refine.publisher=Herbignac,1,,,,Herbignac,6581,47.447263,-2.318167,ptf,44,16.7,59,,3.3
216402792,Itxassou,Divers Gauche,COM,NAQ-75,,,https://www.data.gouv.fr/fr/organizations/5da489756f44414bcf4c45dd/,2,5da489756f44414bcf4c45dd,,2026,43.333453,-1.409074,datagouv,64,20.3,19,,6.8
213401201,Jacou,Divers Gauche,COM,OCC-76,http://data.montpellier3m.fr/datasets/commune/jacou,26,,,,,6881,43.660224,3.910977,ptf,34,17.6,91,,18
216402834,Jaxu,Divers Gauche,COM,NAQ-75,,,https://www.data.gouv.fr/fr/organizations/5e53cddb634f4113415b3a67/,2,5e53cddb634f4113415b3a67,,195,43.1976,-1.193073,datagouv,64,22.1,2,,7.4
213401235,Juvignac,Sans étiquette,COM,OCC-76,http://data.montpellier3m.fr/datasets/commune/juvignac,29,,,,,10783,43.612442,3.808667,ptf,34,18.9,234,34172,15.5
215901430,La Chapelle-d'Armentières,Divers Droite,COM,HDF-32,,,https://www.data.gouv.fr/fr/organizations/5b518bb188ee3863608f3fac/,1,5b518bb188ee3863608f3fac,,8459,50.672946,2.896692,datagouv,59,17.2,63,,8
214400301,La Chapelle-des-Marais,Divers Gauche,COM,PDL-52,https://data.agglo-carene.fr/explore/?refine.publisher=La+Chapelle+des+Marais,2,,,,La Chapelle des Marais,4069,47.447,-2.24287,ptf,44,19.8,29,,2.4
210600656,La Gaude,Divers Droite,COM,PAC-93,,,https://www.data.gouv.fr/fr/organizations/5ba9f0bb634f416762d56c0c/,2,5ba9f0bb634f416762d56c0c,,6415,43.7217,7.15215,datagouv,6,24.2,103,,15.6
213502032,La Nouaye,Divers Droite,COM,BRE-53,,,https://www.data.gouv.fr/fr/organizations/5b3495d188ee382f97297bdc/,4,5b3495d188ee382f97297bdc,,366,48.162026,-1.979658,datagouv,35,9.6,0,,9
218501914,La Roche-sur-Yon,Divers Centre,COM,PDL-52,https://data.larochesuryon.fr/explore/?refine.publisher=Ville+de+la+Roche-sur-Yon,48,,,,Ville de la Roche-sur-Yon,56991,46.669352,-1.428653,ptf,85,20.5,577,44109,8.4
218301265,La Seyne-sur-Mer,Divers Droite,COM,PAC-93,https://opendata.sictiam.fr/fr/organization/mairie-de-la-seyne-sur-mer,1,,,,,64903,43.102929,5.877809,ptf,83,23.9,1017,83137,6.5
211704523,La Tremblade,Divers Droite,COM,NAQ-75,,,https://www.data.gouv.fr/fr/organizations/5c8a2ec6634f411c5580a72b/,1,5c8a2ec6634f411c5580a72b,,4516,45.7693,-1.14254,datagouv,17,42.1,38,,4
212203855,La Vicomté-sur-Rance,Divers Droite,COM,BRE-53,http://datarmor.cotesdarmor.fr/web/guest/donnees,2,,,,,1078,48.488162,-1.992234,ptf,22,20.5,15,,8.6
216402974,Lacarre,Divers Droite,COM,NAQ-75,,,https://www.data.gouv.fr/fr/organizations/5e737cd7dbab7593c0db3802/,2,5e737cd7dbab7593c0db3802,,174,43.19001,-1.164741,datagouv,64,18.9,0,,3.2
218802585,Lamarche,Divers Droite,COM,GES-44,,,https://www.data.gouv.fr/fr/organizations/5d6629786f444132f99e032c/,2,5d6629786f444132f99e032c,,977,48.0688,5.7822,datagouv,88,37.3,5,,1.7
212200943,Lancieux,Divers Gauche,COM,BRE-53,http://datarmor.cotesdarmor.fr/donnees,1,,,,,1512,48.6073,-2.15117,ptf,22,34.9,23,,10.4
215600982,Lanester,Divers Gauche,COM,BRE-53,https://www.opendata56.fr/explore/?refine.publisher=Ville+de+Lanester,8,https://www.data.gouv.fr/fr/organizations/59d6526ac751df274a175d35/,2,59d6526ac751df274a175d35,Ville de Lanester,22638,47.762611,-3.339433,ptf+datagouv,56,20.8,162,56121,4.4
212201131,Lannion,LUG,COM,BRE-53,http://datarmor.cotesdarmor.fr/web/guest/donnees,7,,,,,20815,48.732123,-3.45595,ptf,22,22.5,155,,14.1
213401292,Lattes,Divers Gauche,COM,OCC-76,http://data.montpellier3m.fr/datasets/commune/lattes,28,,,,,16567,43.568464,3.908284,ptf,34,24.1,359,34172,14.6
213401342,Lavérune,Divers Gauche,COM,OCC-76,http://data.montpellier3m.fr/datasets/commune/lav%C3%A9rune,31,,,,,3211,43.585478,3.804573,ptf,34,20.5,75,,11.4
219101797,Le Coudray-Montceaux,Divers Gauche,COM,IDF-11,https://data.coudray-montceaux.fr/explore/?refine.publisher=Mairie+du+Coudray-Montceaux,7,,,,Mairie du Coudray-Montceaux,4818,48.5657,2.4859,ptf,91,13.9,58,,8.6
213400906,Le Crès,Divers Droite,COM,OCC-76,http://data.montpellier3m.fr/datasets/commune/le-cr%C3%A8s,29,,,,,9343,43.646497,3.938021,ptf,34,20.9,129,,13.9
214400491,Le Croisic,Divers Centre,COM,PDL-52,https://capatlantique-loireatlantique.opendatasoft.com/explore/?refine.publisher=Le+Croisic,1,,,,Le Croisic,4040,47.292,-2.51154,ptf,44,44.8,28,,5.2
214702011,Le Passage,Divers Gauche,COM,NAQ-75,,,https://www.data.gouv.fr/fr/organizations/5ab24b9188ee385d43b29616/,1,5ab24b9188ee385d43b29616,,9607,44.201228,0.602326,datagouv,47,18,13,,6.8
214702011,Le Passage,Divers Gauche,COM,NAQ-75,,,https://www.data.gouv.fr/fr/organizations/5ab24b9188ee385d43b29616/,1,5ab24b9188ee385d43b29616,,9607,44.201228,0.602326,datagouv,47,18,13,,6.8
214401200,Le Pellerin,Divers Gauche,COM,PDL-52,https://data.nantesmetropole.fr/explore/?refine.publisher=Le+Pellerin,4,,,,Le Pellerin,5125,47.198407,-1.754058,ptf,44,14.8,37,,6
219400587,Le Perreux-sur-Marne,La République en marche,COM,IDF-11,,,https://www.data.gouv.fr/fr/organizations/534fff85a3a7292c64a77ea9,2,534fff85a3a7292c64a77ea9,,34264,48.840832,2.506782,datagouv,94,17.7,580,75056,23.1
219400587,Le Perreux-sur-Marne,Les Républicains,COM,IDF-11,,,https://www.data.gouv.fr/fr/organizations/534fff85a3a7292c64a77ea9,2,534fff85a3a7292c64a77ea9,,34264,48.840832,2.506782,datagouv,94,17.7,580,75056,23.1
214401358,Le Pouliguen,Divers Centre,COM,PDL-52,https://capatlantique-loireatlantique.opendatasoft.com/explore/?refine.publisher=Le+Pouliguen,1,,,,Le Pouliguen,4455,47.2769,-2.43042,ptf,44,51.2,46,,8.2
218300986,Le Pradet,Les Républicains,COM,PAC-93,,,https://www.data.gouv.fr/fr/organizations/58f5d64788ee3847b91e4f32,1,58f5d64788ee3847b91e4f32,,10426,43.105256,6.022873,datagouv,83,32.2,148,83137,9.3
217702513,Lieusaint,LParti socialiste,COM,IDF-11,https://data.ville-lieusaint.fr/explore/?sort=title&refine.publisher=Mairie+de+Lieusaint,7,,,,Mairie de Lieusaint,13242,48.6314,2.54811,ptf,77,16,3,,5.8
216901165,Limonest,Divers Centre,COM,ARA-84,https://data.grandlyon.com/recherche?responsibleParty.organisationName=Commune%20de%20Limonest,1,,,,,3583,45.83567,4.770834,ptf,69,19,104,,21.6
211403662,Lisieux,Divers Droite,COM,NOR-28,,,https://www.data.gouv.fr/fr/organizations/57835411c751df7f2ef3855e,13,57835411c751df7f2ef3855e,,21576,49.145244,0.22421,datagouv,14,24.1,165,14118,4.5
219103405,Lisses,Sans étiquette,COM,IDF-11,https://lisses-grandparissud.opendatasoft.com/explore/?sort=modified&refine.publisher=Ville+de+Lisses,2,,,,,7445,48.596001,2.423789,ptf,91,13.8,135,,8.3
215903600,Loos,Divers Centre,COM,HDF-32,https://opendata.lillemetropole.fr/explore/?sort=modified&refine.publisher=Ville+de+Loos,4,,,,Ville de Loos,21442,50.609208,3.016252,ptf,59,13.4,263,59350,8.5
212703755,Louviers,Divers Gauche,COM,NOR-28,,,https://www.data.gouv.fr/fr/organizations/53806fe2a3a7297e4d35d6c6,3,53806fe2a3a7297e4d35d6c6,,19081,49.214525,1.165051,datagouv,27,19.6,128,76540,6.9
200013704,Mahina,Divers Gauche,COM,PF,,,https://www.data.gouv.fr/fr/organizations/552d6a09c751df1ed737dddb,2,552d6a09c751df1ed737dddb,,14645,-17.511766,-149.504165,datagouv,987,,,,
219400470,Mandres-les-Roses,Divers Gauche,COM,IDF-11,"https://mandres.data4citizen.com/portail?facet.field=[%22organization%22,%22tags%22,%22theme%22,%22features%22]&rows=10&start=0&fq=organization:(mandres)",7,,,,,4703,48.6501,2.542,ptf,94,15.8,51,,8.7
219200474,Marnes-la-Coquette,Divers Gauche,COM,IDF-11,,,https://www.data.gouv.fr/fr/organizations/55094e4cc751df601a882846,9,55094e4cc751df601a882846,,1801,48.830016,2.17586,datagouv,92,18.1,42,,36.4
216205633,Mazingarbe,Divers Gauche,COM,HDF-32,,,https://www.data.gouv.fr/fr/organizations/5bb345d18b4c414c173fc6a5/,7,5bb345d18b4c414c173fc6a5,,7970,50.4724,2.71728,datagouv,62,13.9,36,,2.4
216403758,Méharin,Divers Gauche,COM,NAQ-75,,,https://www.data.gouv.fr/fr/organizations/5e01d5646f444126973821b0/,2,5e01d5646f444126973821b0,,273,43.333608,-1.144354,datagouv,64,19.4,0,,2.1
216403774,Mendionde,Divers Gauche,COM,NAQ-75,,,https://www.data.gouv.fr/fr/organizations/5ee872e36fbeeabe38b99a11/,2,5ee872e36fbeeabe38b99a11,,844,43.340289,-1.298346,datagouv,64,20,2,,4.7
213103419,Merville,Divers Gauche,COM,OCC-76,https://data.laregion.fr/explore/?disjunctive.publisher&sort=modified&refine.publisher=Commune+de+Merville,1,,,,Commune de Merville,5240,43.721342,1.297866,ptf,31,11.5,79,,10.5
219200482,Meudon,LUC,COM,IDF-11,https://data.meudon.fr/explore/?sort=title&refine.publisher=Ville+de+Meudon,21,https://www.data.gouv.fr/fr/organizations/54d89442c751df1245467389,179,54d89442c751df1245467389,Ville de Meudon,46030,48.807058,2.240221,ptf+datagouv,92,17.9,751,75056,28.4
213401573,Mèze,Divers Gauche,COM,OCC-76,,,https://www.data.gouv.fr/fr/organizations/5be01ff4634f4154a89ac27d/,4,5be01ff4634f4154a89ac27d,,11537,43.4266,3.60485,datagouv,34,28.2,126,,4.8
216902833,Mions,Divers Gauche,COM,ARA-84,https://data.grandlyon.com/recherche?responsibleParty.organisationName=Ville%20de%20Mions,4,,,,,12938,45.663896,4.957098,ptf,69,14.4,159,,8.2
216902833,Mions,Les Républicains,COM,ARA-84,https://data.grandlyon.com/recherche?responsibleParty.organisationName=Ville%20de%20Mions,4,,,,,12938,45.663896,4.957098,ptf,69,14.4,159,,8.2
213103450,Miremont,Les Républicains,COM,OCC-76,,,https://www.data.gouv.fr/fr/organizations/5d0a0c318b4c4108d1265df6/,2,5d0a0c318b4c4108d1265df6,,2389,43.369282,1.415882,datagouv,31,13.3,27,,7.4
210102521,Mogneneins,Les Républicains,COM,ARA-84,,,https://www.data.gouv.fr/fr/organizations/5662c125c751df42e605bd61,5,5662c125c751df42e605bd61,,801,46.137981,4.811066,datagouv,1,17,7,,7.4
212001630,Monacia-d'Aullène,Les Républicains,COM,COR-94,,,https://www.data.gouv.fr/fr/organizations/53ae7fc3a3a729709f56d4f4,12,53ae7fc3a3a729709f56d4f4,,532,41.513346,9.011145,datagouv,,31,6,,6.5
213401649,Montaud,Les Républicains,COM,OCC-76,http://data.montpellier3m.fr/datasets/commune/montaud,15,,,,,996,43.701166,3.949757,ptf,34,17.9,14,,15.8
212503882,Montbéliard,Les Républicains,COM,BFC-27,,,https://www.data.gouv.fr/fr/organizations/5c00089a8b4c414c75aed250/,3,5c00089a8b4c414c75aed250,,25304,47.5086,6.79708,datagouv,25,20.1,248,25056,9.4
211702402,Montendre,Les Républicains,COM,NAQ-75,,,https://www.data.gouv.fr/fr/organizations/5c8a2ea6634f411541dbc634/,1,5c8a2ea6634f411541dbc634,,3210,45.2847,-0.40799,datagouv,17,32,45,,2.8
213103757,Montesquieu-Volvestre,Les Républicains,COM,OCC-76,,,https://www.data.gouv.fr/fr/organizations/5d1217448b4c4160c8be2597/,9,5d1217448b4c4160c8be2597,,3080,43.208625,1.230131,datagouv,31,24.5,26,,4.8
213401698,Montferrier-sur-Lez,Divers Droite,COM,OCC-76,http://data.montpellier3m.fr/datasets/commune/montferrier-sur-lez,23,,,,,3833,43.667865,3.856555,ptf,34,27.8,53,,35.6
214401036,Montoir-de-Bretagne,Divers Centre,COM,PDL-52,https://data.agglo-carene.fr/explore/?refine.publisher=Montoir+de+Bretagne,2,,,,Montoir de Bretagne,7058,47.3276,-2.15025,ptf,44,16.3,46,,1.6
213401797,Murviel-lès-Montpellier,Divers Centre,COM,OCC-76,http://data.montpellier3m.fr/datasets/commune/murviel-les-montpellier,18,,,,,1928,43.603956,3.736729,ptf,34,16.4,21,,16.1
217703263,Nandy,LParti socialiste,COM,IDF-11,https://nandy-grandparissud.opendatasoft.com/explore/?refine.publisher=Mairie+de+Nandy,1,,,,Mairie de Nandy,5910,48.5838,2.56615,ptf,77,8.8,63,,6
215801945,Nevers,LParti socialiste,COM,BFC-27,https://www.databfc.fr/bfc/portail,11,https://www.data.gouv.fr/fr/organizations/594be11888ee38743d67051b,12,594be11888ee38743d67051b,,35899,46.992413,3.156585,ptf+datagouv,58,25.4,284,58303,6.6
218902781,Noé,LParti socialiste,COM,OCC-76,http://www.mairie-noe.fr?p=4260,7,https://www.data.gouv.fr/fr/organizations/57ea3e8b88ee3877235ff490/,7,57ea3e8b88ee3877235ff490,,548,48.162877,3.402152,datagouv,89,16.4,42,,7.3
200012508,NOUMEA,LParti socialiste,COM,NC,https://data.gouv.nc/explore/?disjunctive.theme&disjunctive.publisher&disjunctive.keyword&disjunctive.attributions&disjunctive.license&sort=explore.popularity_score&refine.publisher=Ville+de+Nouméa,14,,,,,94285,-22.274526,-166.442419,ptf,988,,,,
213503642,Noyal-Châtillon-sur-Seiche,LParti socialiste,COM,BRE-53,https://data.rennesmetropole.fr/explore/?refine.publisher=Ville+de+Noyal-Ch%C3%A2tillon-sur-Seiche,6,,,,Ville de Noyal-Châtillon-sur-Seiche,7033,48.042672,-1.657856,ptf,35,17.2,73,,9.5
215601519,Noyal-Pontivy,Sans étiquette,COM,BRE-53,https://www.opendata56.fr/explore/?refine.publisher=Ville+de+Noyal-Pontivy,1,https://www.data.gouv.fr/fr/organizations/5a5cb495c751df2cdac7334e/,1,5a5cb495c751df2cdac7334e,Ville de Noyal-Pontivy,3677,48.06623,-2.883026,ptf+datagouv,56,21,19,,3.5
211201769,Onet-le-Château,Divers Droite,COM,OCC-76,,,https://www.data.gouv.fr/fr/organizations/5aec4c3e88ee381426c8df86/,7,5aec4c3e88ee381426c8df86,,11944,44.365283,2.593434,datagouv,12,21.5,155,12202,6.4
216404293,Orsanco,Divers Droite,COM,NAQ-75,,,https://www.data.gouv.fr/fr/organizations/5cc19b08634f415e201b269e/,2,5cc19b08634f415e201b269e,,106,43.2925,-1.06574,datagouv,64,17.4,0,,10.1
214401143,Orvault,Divers Gauche,COM,PDL-52,https://data.loire-atlantique.fr/explore/?refine.publisher=Orvault,18,,,,Orvault,26348,47.270413,-1.623962,ptf,44,20.9,305,44109,17.8
216404350,Osserain-Rivareyte,Sans étiquette,COM,NAQ-75,,,https://www.data.gouv.fr/fr/organizations/5cacc0838b4c4147790eca6e/,2,5cacc0838b4c4147790eca6e,,211,43.3769,-0.951913,datagouv,64,25.9,1,,2.4
216404350,Osserain-Rivareyte,LEXG,COM,NAQ-75,,,https://www.data.gouv.fr/fr/organizations/5cacc0838b4c4147790eca6e/,2,5cacc0838b4c4147790eca6e,,211,43.3769,-0.951913,datagouv,64,25.9,1,,2.4
216802538,Ottmarsheim,LEXG,COM,GES-44,https://data.mulhouse-alsace.fr/explore/?refine.publisher=Comme+d%27Ottmarsheim,1,,,,Comme d'Ottmarsheim,1784,47.787032,7.509706,ptf,68,15.8,10,,5
215601543,Peillac,LEXG,COM,BRE-53,,,https://www.data.gouv.fr/fr/organizations/5b7ea6c3634f4119e42b781b/,1,5b7ea6c3634f4119e42b781b,,1861,47.7124,-2.21956,datagouv,56,24.8,9,,4
213401987,Pérols,Union des démocrates et indépendants,COM,OCC-76,http://data.montpellier3m.fr/datasets/commune/p%C3%A9rols,28,,,,,9177,43.564505,3.950294,ptf,34,27.1,199,34172,15.2
213303183,Pessac,Divers Droite,COM,NAQ-75,https://opendata.bordeaux-metropole.fr/explore/?disjunctive.publisher&disjunctive.frequence&disjunctive.territoire&sort=title&refine.publisher=Ville+de+Pessac,2,,,,Ville de Pessac,61332,44.80583,-0.630386,ptf,33,16.6,941,33063,17.5
217604974,Petit-Couronne,LParti socialiste,COM,NOR-28,,,https://www.data.gouv.fr/fr/organizations/5b90dc4d634f415369256e17/,5,5b90dc4d634f415369256e17,,8742,49.385,1.02677,datagouv,76,15.1,64,,3.9
213402027,Pignan,Divers Gauche,COM,OCC-76,http://data.montpellier3m.fr/datasets/commune/pignan,27,,,,,6761,43.583991,3.761229,ptf,34,17,119,,11.5
200013746,PIRAE,Divers Gauche,COM,NC,http://www.pirae.pf/opendata/,4,https://www.data.gouv.fr/fr/organizations/56bac12ec751df6c539f9dea,14,56bac12ec751df6c539f9dea,,14659,-17.577745,-149.560211,ptf+datagouv,987,,,,
212201719,Plaintel,Divers Droite,COM,BRE-53,http://datarmor.cotesdarmor.fr/web/guest/donnees,2,https://www.data.gouv.fr/fr/organizations/588f0a98c751df12c6ae0a66,2,588f0a98c751df12c6ae0a66,,4378,48.407779,-2.818333,ptf+datagouv,22,19,23,,3.7
214401283,Plessé,Divers Gauche,COM,PDL-52,,,https://www.data.gouv.fr/fr/organizations/5a1fde6d88ee384f0ff312b0,1,5a1fde6d88ee384f0ff312b0,,5375,47.541013,-1.887107,datagouv,44,18.3,47,,4.2
219400595,Le Plessis-Trévise,LUC,COM,IDF-11,,,https://www.data.gouv.fr/fr/organizations/5bb4ae00634f4155bc71f71f/,11,5bb4ae00634f4155bc71f71f,,20102,48.8105,2.57107,datagouv,94,17,265,,9.4
213502271,Pleumeleuc,LUC,COM,BRE-53,,,https://www.data.gouv.fr/fr/organizations/5b1a788188ee3843648b36b6/,6,5b1a788188ee3843648b36b6,,3177,48.184376,-1.919752,datagouv,35,10.7,26,,6.5
200054252,Plœuc-L'Hermitage,Divers Droite,COM,BRE-53,http://datarmor.cotesdarmor.fr/donnees,1,,,,,4062,48.335236,-2.785004,ptf,22,22.2,23,,3.3
212202048,Ploëzal,Divers Droite,COM,BRE-53,http://datarmor.cotesdarmor.fr/web/guest/donnees,5,,,,,1292,48.715789,-3.203027,ptf,22,28.3,11,,8.4
212202154,Ploufragan,Divers Droite,COM,BRE-53,http://datarmor.cotesdarmor.fr/donnees,7,,,,,11346,48.4892,-2.79616,ptf,22,22.9,76,22278,3.4
212202154,Ploufragan,LCOM,COM,BRE-53,http://datarmor.cotesdarmor.fr/donnees,7,,,,,11346,48.4892,-2.79616,ptf,22,22.9,76,22278,3.4
217703735,Pontault-Combault,Divers Gauche,COM,IDF-11,https://opendata.pontault-combault.fr,4,https://www.data.gouv.fr/fr/organizations/ville-de-pontault-combault/,0,5d9461b98b4c414ed95ff89f,,38370,48.800913,2.606806,datagouv,77,12.7,553,77390,8.1
214401325,Pornichet,Divers Droite,COM,PDL-52,https://data.agglo-carene.fr/explore/?sort=modified&disjunctive.gestionnaire&disjunctive.publisher&disjunctive.theme&disjunctive.keyword&disjunctive.license&disjunctive.features&disjunctive.diffuseur&refine.dcat.spatial=CARENE&disjunctive.dcat.spatial&refine.publisher=Pornichet,1,,,,Pornichet,10323,47.2658,-2.34048,ptf,44,31.6,154,44055,12.8
213402175,Prades-le-Lez,LECO,COM,OCC-76,http://data.montpellier3m.fr/datasets/commune/prades-le-lez,25,,,,,5300,43.698398,3.864453,ptf,34,14.6,84,,20.4
218301000,Puget-Ville,Divers Droite,COM,PAC-93,https://opendata.sictiam.fr/fr/organization/mairie-de-puget-ville,8,,,,,4169,43.289263,6.13604,ptf,83,18.8,52,,5
215601865,Quiberon,Sans étiquette,COM,BRE-53,https://www.opendata56.fr/explore/?disjunctive.publisher&sort=modified&refine.publisher=Ville+de+Quiberon,1,https://www.data.gouv.fr/fr/organizations/5dc56e0e8b4c412e7cd726a2/,1,5dc56e0e8b4c412e7cd726a2,Ville+de+Quiberon,4741,47.4874,-3.12152,datagouv,56,41.7,52,,6.2
215601865,Quiberon,Sans étiquette,COM,BRE-53,https://www.opendata56.fr/explore/?disjunctive.publisher&sort=modified&refine.publisher=Ville+de+Quiberon,1,https://www.data.gouv.fr/fr/organizations/5dc56e0e8b4c412e7cd726a2/,1,5dc56e0e8b4c412e7cd726a2,Ville+de+Quiberon,4741,47.4874,-3.12152,datagouv,56,41.7,52,,6.2
215601865,Quiberon,Divers Droite,COM,BRE-53,https://www.opendata56.fr/explore/?disjunctive.publisher&sort=modified&refine.publisher=Ville+de+Quiberon,1,https://www.data.gouv.fr/fr/organizations/5dc56e0e8b4c412e7cd726a2/,1,5dc56e0e8b4c412e7cd726a2,Ville+de+Quiberon,4741,47.4874,-3.12152,datagouv,56,41.7,52,,6.2
217805175,Rambouillet,Divers Gauche,COM,IDF-11,,,https://www.data.gouv.fr/fr/organizations/5c40559d8b4c4151b275a7b0/,7,5c40559d8b4c4151b275a7b0,,25811,48.6436,1.82858,datagouv,78,20,301,,18.8
217805175,Rambouillet,Sans étiquette,COM,IDF-11,,,https://www.data.gouv.fr/fr/organizations/5c40559d8b4c4151b275a7b0/,7,5c40559d8b4c4151b275a7b0,,25811,48.6436,1.82858,datagouv,78,20,301,,18.8
213502362,Redon,Divers Droite,COM,BRE-53,,,https://www.data.gouv.fr/fr/organizations/5a1e73b0c751df0d9952bd2d,4,5a1e73b0c751df0d9952bd2d,,9844,47.650684,-2.085362,datagouv,35,25.3,100,,8.3
213402274,Restinclières,Divers Droite,COM,OCC-76,http://data.montpellier3m.fr/datasets/commune/restincli%C3%A8res,13,,,,,1754,43.722974,4.038542,ptf,34,12.3,41,,14.3
216802710,Riedisheim,Divers Centre,COM,GES-44,https://data.mulhouse-alsace.fr/explore/?refine.publisher=Ville+de+Riedisheim,3,,,,Ville de Riedisheim,12513,47.747409,7.366005,ptf,68,23.7,104,68224,13.1
216902866,Rillieux-la-Pape,Les Républicains,COM,ARA-84,https://data.grandlyon.com/recherche?responsibleParty.organisationName=Ville%20de%20Rillieux-la-Pape,5,https://www.data.gouv.fr/fr/organizations/5d1b06b46f44410e40f553ac/,2,5d1b06b46f44410e40f553ac,,30155,45.8204,4.89727,datagouv,69,16.8,584,69123,8.6
219105210,Ris-Orangis,Divers Gauche,COM,IDF-11,https://risorangis-grandparissud.opendatasoft.com/explore/?sort=modified,5,,,,,29225,48.653875,2.415115,ptf,91,14.1,533,91228,8.2
216802785,Rixheim,Divers Gauche,COM,GES-44,https://data.mulhouse-alsace.fr/explore/?refine.publisher=Ville+de+Rixheim,5,,,,Ville de Rixheim,14269,47.747808,7.403461,ptf,68,18.6,134,68224,9.3
217703909,Roissy-en-Brie,Divers Centre,COM,IDF-11,,,https://www.data.gouv.fr/fr/organizations/roissy-en-brie/,8,,,22994,48.790378,2.654519,datagouv,77,11.6,324,77350,7.1
217703909,Roissy-en-Brie,Divers Centre,COM,IDF-11,,,https://www.data.gouv.fr/fr/organizations/roissy-en-brie/,8,,,22994,48.790378,2.654519,datagouv,77,11.6,324,77350,7.1
210601043,Roquebrune-Cap-Martin,Les Républicains,COM,PAC-93,https://opendata.sictiam.fr/fr/organization/mairie-de-roquebrune-cap-martin,3,,,,,12679,43.756653,7.037955,ptf,6,24.6,217,6083,9.1
213104581,Roques,Divers Droite,COM,OCC-76,https://data.laregion.fr/explore/?disjunctive.publisher&sort=modified&refine.publisher=Commune+de+Roques,2,,,,Commune de Roques,4469,43.510904,1.375507,ptf,31,16.7,57,,12.3
212902399,Roscoff,Divers Droite,COM,BRE-53,,,https://www.data.gouv.fr/fr/organizations/5ab12b6ec751df128414f914/,3,5ab12b6ec751df128414f914,,3354,48.72568,-3.985908,datagouv,29,41.2,17,,11.1
215905126,Roubaix,LUC,COM,HDF-32,https://opendata.roubaix.fr/explore/?refine.publisher=Ville+de+Roubaix,104,https://www.data.gouv.fr/fr/organizations/5be53f55634f4119ca26ec72/,127,5be53f55634f4119ca26ec72,Ville de Roubaix,96647,50.688881,3.179402,ptf+datagouv,59,11.5,1760,59599,5.5
213303662,Saint-André-de-Cubzac,Divers Gauche,COM,NAQ-75,,,https://www.data.gouv.fr/fr/organizations/534fff66a3a7292c64a77d79,1,534fff66a3a7292c64a77d79,,11000,44.994197,-0.446196,datagouv,33,15.8,146,,6.5
214401515,Saint-André-des-Eaux,Divers Centre,COM,PDL-52,https://data.agglo-carene.fr/explore/?refine.publisher=Saint-André+des+Eaux,2,,,,Saint-André des Eaux,6386,47.3134,-2.31093,ptf,44,16.9,4,,3.9
215602061,Saint-Avé,Divers Gauche,COM,BRE-53,https://www.opendata56.fr/explore/?refine.publisher=Ville+de+Saint-Av%C3%A9,7,https://www.data.gouv.fr/fr/organizations/5aa79c9fc751df144f78f40c/,6,5aa79c9fc751df144f78f40c,Ville de Saint-Avé,11437,47.68641,-2.735448,ptf+datagouv,56,18.7,100,56260,7.7
216303230,Saint-Bonnet-le-Bourg,Divers Gauche,COM,ARA-84,,,https://www.data.gouv.fr/fr/organizations/5c59b6498b4c4157a35c3880/,1,5c59b6498b4c4157a35c3880,,154,45.434,3.60751,datagouv,63,34.4,1,,5.9
213002371,Saint-Brès,Divers Gauche,COM,OCC-76,http://data.montpellier3m.fr/datasets/commune/saint-br%C3%A8s,16,,,,,665,43.665575,4.020099,ptf,30,29.4,10,,3.4
212202782,Saint-Brieuc,Divers Gauche,COM,BRE-53,http://datarmor.cotesdarmor.fr/web/guest/donnees,9,,,,,47166,48.513421,-2.760831,ptf,22,22.2,381,35238,9.7
213904782,Saint-Claude,Divers Droite,COM,BFC-27,https://www.databfc.fr/bfc/portail,7,https://www.data.gouv.fr/fr/organizations/5b06810bc751df6e997fd802/,13,5b06810bc751df6e997fd802,,9732,46.3867,5.86208,ptf+datagouv,39,25.9,57,,3.6
216901918,Saint-Cyr-au-Mont-d'Or,Divers Droite,COM,ARA-84,https://data.grandlyon.com/recherche?responsibleParty.organisationName=Ville%20de%20Saint-Cyr-au-Mont-d%27Or,4,,,,,5513,45.815655,4.817596,ptf,69,23.4,124,,32
216901918,Saint-Cyr-au-Mont-d'Or,LEXG,COM,ARA-84,https://data.grandlyon.com/recherche?responsibleParty.organisationName=Ville%20de%20Saint-Cyr-au-Mont-d%27Or,4,,,,,5513,45.815655,4.817596,ptf,69,23.4,124,,32
216901918,Saint-Cyr-au-Mont-d'Or,Sans étiquette,COM,ARA-84,https://data.grandlyon.com/recherche?responsibleParty.organisationName=Ville%20de%20Saint-Cyr-au-Mont-d%27Or,4,,,,,5513,45.815655,4.817596,ptf,69,23.4,124,,32
216901918,Saint-Cyr-au-Mont-d'Or,Divers Droite,COM,ARA-84,https://data.grandlyon.com/recherche?responsibleParty.organisationName=Ville%20de%20Saint-Cyr-au-Mont-d%27Or,4,,,,,5513,45.815655,4.817596,ptf,69,23.4,124,,32
218301125,Saint-Cyr-sur-Mer,Divers Droite,COM,PAC-93,,,https://www.data.gouv.fr/fr/organizations/5c4973cf8b4c410839f61188/,1,5c4973cf8b4c410839f61188,,12103,43.1829,5.70837,datagouv,83,31.2,245,13055,11.5
218301125,Saint-Cyr-sur-Mer,Divers Droite,COM,PAC-93,,,https://www.data.gouv.fr/fr/organizations/5c4973cf8b4c410839f61188/,1,5c4973cf8b4c410839f61188,,12103,43.1829,5.70837,datagouv,83,31.2,245,13055,11.5
218301125,Saint-Cyr-sur-Mer,Divers Droite,COM,PAC-93,,,https://www.data.gouv.fr/fr/organizations/5c4973cf8b4c410839f61188/,1,5c4973cf8b4c410839f61188,,12103,43.1829,5.70837,datagouv,83,31.2,245,13055,11.5
218301125,Saint-Cyr-sur-Mer,Divers Droite,COM,PAC-93,,,https://www.data.gouv.fr/fr/organizations/5c4973cf8b4c410839f61188/,1,5c4973cf8b4c410839f61188,,12103,43.1829,5.70837,datagouv,83,31.2,245,13055,11.5
218301125,Saint-Cyr-sur-Mer,Divers Centre,COM,PAC-93,,,https://www.data.gouv.fr/fr/organizations/5c4973cf8b4c410839f61188/,1,5c4973cf8b4c410839f61188,,12103,43.1829,5.70837,datagouv,83,31.2,245,13055,11.5
216901942,Saint-Didier-au-Mont-d'Or,Divers Droite,COM,ARA-84,https://data.grandlyon.com/recherche?responsibleParty.organisationName=Ville%20de%20Saint-Didier-au-Mont-d%27Or,6,,,,,6785,45.811515,4.797935,ptf,69,27.4,180,69123,31
213402498,Saint-Drézéry,Divers Droite,COM,OCC-76,http://data.montpellier3m.fr/datasets/commune/saint-dr%C3%A9z%C3%A9ry,21,,,,,2365,43.733401,3.981642,ptf,34,16.1,42,,14.4
213803828,Saint-Égrève,Divers Gauche,COM,ARA-84,http://data.metropolegrenoble.fr/ckan/dataset?organization=ville-de-saint-egreve,10,https://www.data.gouv.fr/fr/organizations/5c002da8634f4111d7393309/,10,5c002da8634f4111d7393309,,16029,45.231475,5.681665,ptf+datagouv,38,19.4,198,38185,17.2
216404764,Saint-Esteben,Divers Gauche,COM,NAQ-75,,,https://www.data.gouv.fr/fr/organizations/5ddfeff56f44411ac532190f/,2,5ddfeff56f44411ac532190f,,411,43.339151,-1.208745,datagouv,64,17.8,1,,6.1
216404772,Saint-Étienne-de-Baïgorry,Divers Gauche,COM,NAQ-75,,,https://www.data.gouv.fr/fr/organizations/5e81f70c1dd3db2b3165ec8d/,2,5e81f70c1dd3db2b3165ec8d,,1531,43.17512,-1.34721,datagouv,64,30.1,8,,7.4
213402563,Saint-Geniès-des-Mourgues,Divers Gauche,COM,OCC-76,http://data.montpellier3m.fr/datasets/commune/saint-geni%C3%A8s-des-mourgues,19,,,,,1884,43.696904,4.035589,ptf,34,17.9,46,,15.5
213402597,Saint-Georges-d'Orques,Divers Droite,COM,OCC-76,http://data.montpellier3m.fr/datasets/commune/saint-georges-dorques,21,,,,,5498,43.609951,3.780149,ptf,34,19.8,91,,12.5
211703335,Saint-Georges-de-Didonne,Divers Centre,COM,NAQ-75,,,https://www.data.gouv.fr/fr/organizations/5c8a2ec7634f411c56990637/,1,5c8a2ec7634f411c56990637,,5268,45.605,-0.999222,datagouv,17,49,61,,6.4
217805514,Saint-Germain-en-Laye,Divers Centre,COM,IDF-11,,,https://www.data.gouv.fr/fr/organizations/5d123361634f4145bb4131c8/,5,5d123361634f4145bb4131c8,,39982,48.8959,2.09025,datagouv,78,17.3,776,75056,32.2
213502776,Saint-Gonlay,Divers Centre,COM,BRE-53,,,https://www.data.gouv.fr/fr/organizations/5b3494ef88ee382f8e126555/,4,5b3494ef88ee382f8e126555,,346,48.112338,-2.066529,datagouv,35,16.4,2,,6.4
213402704,Saint-Jean-de-Védas,Divers Gauche,COM,OCC-76,http://data.montpellier3m.fr/datasets/commune/saint-jean-de-vedas,23,,,,,9233,43.576342,3.82301,ptf,34,19.6,240,34172,15.7
214401689,Saint-Joachim,Sans étiquette,COM,PDL-52,https://data.agglo-carene.fr/explore/?refine.publisher=Saint-Joachim,2,,,,Saint-Joachim,3934,47.3822,-2.20026,ptf,44,22.7,21,,3.1
218804219,Saint-Julien,Sans étiquette,COM,GES-44,,,https://www.data.gouv.fr/fr/organizations/5e1708dd634f416746ce7892/,2,5e1708dd634f416746ce7892,,115,48.01939,5.895249,datagouv,88,22.3,21,,12.9
211703517,Saint-Just-Luzac,Sans étiquette,COM,NAQ-75,,,https://www.data.gouv.fr/fr/organizations/5c8a2e8e634f4118ee8aeee2/,1,5c8a2e8e634f4118ee8aeee2,,1984,45.8011,-1.03793,datagouv,17,20,21,,2.7
216902882,Saint-Laurent-de-Mure,Divers Droite,COM,ARA-84,,,https://www.data.gouv.fr/fr/organizations/5ae1cc2588ee385be7b19c67/,2,5ae1cc2588ee385be7b19c67,,5391,45.685427,5.044287,datagouv,69,18.3,80,,7.9
213304330,Saint-Loubès,Sans étiquette,COM,NAQ-75,,,https://www.data.gouv.fr/fr/organizations/5c6686958b4c4112712e3f6c/,1,5c6686958b4c4112712e3f6c,,9066,44.9163,-0.428727,datagouv,33,15.9,131,33207,6.7
213304330,Saint-Loubès,Divers Centre,COM,NAQ-75,,,https://www.data.gouv.fr/fr/organizations/5c6686958b4c4112712e3f6c/,1,5c6686958b4c4112712e3f6c,,9066,44.9163,-0.428727,datagouv,33,15.9,131,33207,6.7
214401762,Saint-Malo-de-Guersac,Divers Centre,COM,PDL-52,https://data.agglo-carene.fr/explore/?refine.publisher=Saint+Malo+de+Guersac,2,,,,Saint Malo de Guersac,3181,47.3506,-2.18033,ptf,44,18.4,16,,2.4
219400678,Saint-Mandé,LUD,COM,IDF-11,https://saintmande.opendatasoft.com/explore/?refine.publisher=Ville+de+Saint-Mand%C3%A9,3,,,,Ville de Saint-Mandé,22275,48.840434,2.418223,ptf,94,17.5,830,75056,35.9
217104454,Saint-Marcel,Divers Droite,COM,BFC-27,https://www.databfc.fr/bfc/portail,1,https://www.data.gouv.fr/fr/organizations/5bab855f634f417eb0f01da8/,3,5bab855f634f417eb0f01da8,,5979,46.7753,4.88872,ptf+datagouv,71,8.6,10,,7.1
213804214,Saint-Martin-d'Hères,LCOM,COM,ARA-84,https://data.metropolegrenoble.fr/ckan/dataset?organization=ville-de-saintmartindheres,14,https://www.data.gouv.fr/fr/organizations/5e2972146f444147e0a30177/,13,5e2972146f444147e0a30177,,38487,45.16452,5.768213,ptf+datagouv,38,13.3,462,38185,12.9
214401838,Saint-Molf,LCOM,COM,PDL-52,https://capatlantique-loireatlantique.opendatasoft.com/explore/?refine.publisher=Saint+Molf,1,,,,Saint Molf,2499,47.3908,-2.42603,ptf,44,13.9,31,,4.4
214401853,Saint-Nicolas-de-Redon,LCOM,COM,PDL-52,,,https://www.data.gouv.fr/fr/organizations/5a2023c388ee383e1dea3b3f,1,5a2023c388ee383e1dea3b3f,,3225,47.643352,-2.067312,datagouv,44,23.2,32,,3
211703806,Saint-Palais-sur-Mer,Divers Droite,COM,NAQ-75,,,https://www.data.gouv.fr/fr/organizations/5c8a2e8f8b4c41248f2542f5/,1,5c8a2e8f8b4c41248f2542f5,,3875,45.6432,-1.0894,datagouv,17,49.2,39,,8.5
214002792,Saint-Paul-lès-Dax,Divers Gauche,COM,NAQ-75,,,https://www.data.gouv.fr/fr/organizations/5c6303468b4c414d6ae2ebcd/,45,5c6303468b4c414d6ae2ebcd,,13489,43.7254,-1.05302,datagouv,40,28.9,150,40088,6
215602327,Saint-Perreux,Divers Gauche,COM,BRE-53,https://www.opendata56.fr/explore/?refine.publisher=Ville+de+Saint-Perreux,2,,,,Ville de Saint-Perreux,1249,47.668618,-2.108439,ptf,56,22.3,4,,3.7
214002818,Saint-Pierre-du-Mont,Divers Droite,COM,NAQ-75,https://www.pigma.org/datanouvelleaquitaine/dataset?organization=commune_de_saint_pierre_du_mont,3,,,,,9561,49.387496,-0.97729,ptf,40,23.8,0,,13.4
216902908,Saint-Priest,Les Républicains,COM,ARA-84,https://data.grandlyon.com/recherche?responsibleParty.organisationName=Ville%20de%20Saint-Priest,1,,,,,45097,45.696535,4.944164,ptf,69,17.1,4,,5.5
215602392,Saint-Vincent-sur-Oust,Les Républicains,COM,BRE-53,,,https://www.data.gouv.fr/fr/organizations/5b90de3c8b4c412516d5511f/,3,5b90de3c8b4c412516d5511f,,1446,47.6994,-2.14747,datagouv,56,18.5,12,,4.2
213502941,Sainte-Marie,Les Républicains,COM,BRE-53,,,https://www.data.gouv.fr/fr/organizations/5b90e0238b4c4126f11c4e06/,1,5b90e0238b4c4126f11c4e06,,2259,47.6931,-2.00125,datagouv,35,27.8,0,,1.6
213402951,Saussan,Les Républicains,COM,OCC-76,http://data.montpellier3m.fr/datasets/commune/saussan,20,,,,,1518,43.570408,3.773424,ptf,34,16.2,21,,12.5
217704451,Savigny-le-Temple,LParti socialiste,COM,IDF-11,https://data.savigny-le-temple.fr/explore/?refine.publisher=Ville+de+Savigny-le-Temple,4,,,,Ville de Savigny-le-Temple,30260,48.5961,2.57921,ptf,77,8.2,376,77326,6.8
213105414,Seilh,LParti socialiste,COM,OCC-76,https://data.toulouse-metropole.fr/explore/?refine.publisher=Mairie+de+Seilh,1,,,,Mairie de Seilh,3264,43.693868,1.352994,ptf,31,10.6,57,,20
215602434,Séné,Divers Gauche,COM,BRE-53,https://www.opendata56.fr/explore/?disjunctive.publisher&sort=modified&refine.publisher=Ville+de+Séné,2,,,,Ville de Séné,8943,47.6195,-2.73759,ptf,56,27.1,96,56260,11
213503287,Sixt-sur-Aff,Divers Gauche,COM,BRE-53,,,https://www.data.gouv.fr/fr/organizations/5baa0e468b4c414416b6f7b2/,26,5baa0e468b4c414416b6f7b2,,2097,47.7754,-2.07857,datagouv,35,20.9,11,,2.4
210206959,Soissons,Divers Droite,COM,HDF-32,https://data.ville-soissons.fr/explore/?disjunctive.theme&sort=explore.popularity_score&refine.publisher=Ville+de+Soissons+,33,,,,Ville de Soissons,28309,49.3809,3.32216,ptf,2,21.3,214,2064,6.1
216405274,Souraïde,Divers Droite,COM,NAQ-75,,,https://www.data.gouv.fr/fr/organizations/5e7b6f13661ad9e52e80b633/,2,5e7b6f13661ad9e52e80b633,,1392,43.3409,-1.473,datagouv,64,23.5,10,,5.5
211603741,Soyaux,Divers Droite,COM,NAQ-75,,,https://www.data.gouv.fr/fr/organizations/5b39e30a88ee38056c569d48/,2,5b39e30a88ee38056c569d48,,9295,45.640266,0.19706,datagouv,16,23.3,101,16015,4.9
219400710,Sucy-en-Brie,Divers Droite,COM,IDF-11,"https://sucy.data4citizen.com/portail?facet.field=[%22organization%22,%22tags%22,%22theme%22,%22features%22]&rows=10&start=0&fq=organization:(sucy)",7,,,,,26264,48.7709,2.5236,ptf,94,18.9,361,,15.2
213403074,Sussargues,Divers Droite,COM,OCC-76,http://data.montpellier3m.fr/datasets/commune/sussargues,21,,,,,2768,43.711625,4.001118,ptf,34,19.4,32,,16.1
212106173,Talant,LUD,COM,BFC-27,https://www.databfc.fr/bfc/portail,3,https://www.data.gouv.fr/fr/organizations/5b3ddb3488ee3819894581db/,3,5b3ddb3488ee3819894581db,,11439,47.336227,5.005154,ptf+datagouv,21,24.1,86,21231,13
213503311,Talensac,LUD,COM,BRE-53,,,https://www.data.gouv.fr/fr/organizations/5b1e91b3c751df2840ab5ca5/,6,5b1e91b3c751df2840ab5ca5,,2542,48.108377,-1.926135,datagouv,35,15.6,16,,5.6
213503345,Thorigné-Fouillard,LECO,COM,BRE-53,https://data.rennesmetropole.fr/explore/?sort=modified&refine.publisher=Ville+de+Thorigné-Fouillard,6,,,,Ville de Tourigné-Fouillard,8381,48.1593,-1.58058,ptf,35,16.4,74,35238,22.5
217704683,Torcy,LUG,COM,IDF-11,https://torcy-agglo-pvm.opendata.arcgis.com/,2,,,,,22568,48.8515,2.65265,ptf,77,28.9,2,,6.8
215905993,Tourcoing,LUG,COM,HDF-32,https://opendata.lillemetropole.fr/explore/?refine.publisher=Ville+de+Tourcoing,1,,,,Ville de Tourcoing,96809,50.722109,3.159731,ptf,59,12.5,1200,59512,6.1
212203608,Trégueux,Divers Gauche,COM,BRE-53,http://datarmor.cotesdarmor.fr/web/guest/donnees,1,,,,,8584,48.490113,-2.739271,ptf,22,24.8,59,,5
214402109,Trignac,Divers Gauche,COM,PDL-52,https://data.agglo-carene.fr/explore/?disjunctive.publisher&disjunctive.gestionnaire&disjunctive.theme&disjunctive.keyword&disjunctive.license&disjunctive.features&disjunctive.diffuseur&disjunctive.dcat.spatial&source=shared&sort=modified&geonav=world%2Fworld_fr%2Ffr_40_52%2Ffr_60_44%2Ffr_72_244400644&refine.publisher=Trignac,0,,,,Trignac,7868,47.317694,-2.189493,ptf,44,19.5,65,44184,2
213805179,Tullins,Sans étiquette,COM,ARA-84,,,https://www.data.gouv.fr/fr/organizations/5c61a7448b4c410deeac953d/,1,5c61a7448b4c410deeac953d,,7655,45.2973,5.48315,datagouv,38,19.5,84,,7.9
219106317,Varennes-Jarcy,Sans étiquette,COM,IDF-11,,,https://www.data.gouv.fr/fr/organizations/5c2f5acc634f4124ff9f6ba2/,1,5c2f5acc634f4124ff9f6ba2,,2315,48.6773,2.55858,datagouv,91,18.4,37,,14.3
213403272,Vendargues,Divers Droite,COM,OCC-76,http://data.montpellier3m.fr/datasets/commune/vendargues,27,,,,,6247,43.657022,3.969179,ptf,34,18.5,118,,13.3
213403272,Vendargues,Divers Droite,COM,OCC-76,http://data.montpellier3m.fr/datasets/commune/vendargues,27,,,,,6247,43.657022,3.969179,ptf,34,18.5,118,,13.3
210601597,Villefranche-sur-Mer,Les Républicains,COM,PAC-93,https://opendata.sictiam.fr/fr/dataset?_organization_limit=0&organization=mairie-de-villefranche-sur-mer,1,,,,,5443,43.7038,7.31108,ptf,6,33.6,109,6088,14.6
213403371,Villeneuve-lès-Maguelone,Divers Gauche,COM,OCC-76,http://data.montpellier3m.fr/datasets/commune/villeneuve-les-maguelone,29,,,,,9744,43.53196,3.860712,ptf,34,17.1,149,,8.7
216902668,Villeurbanne,LParti socialiste,COM,ARA-84,https://data.grandlyon.com/recherche?responsibleParty.organisationName=Ville%20de%20Villeurbanne,3,,,,,147712,45.773312,4.886899,ptf,69,13.9,3412,69123,17.5
219506805,Villiers-le-Bel,Divers Gauche,COM,IDF-11,,,https://www.data.gouv.fr/fr/organizations/5965d3a888ee3839fc58d95e/,3,5965d3a888ee3839fc58d95e,,27564,49.008456,2.389003,datagouv,95,10.7,511,95585,4.1
219400801,Vincennes,Divers Gauche,COM,IDF-11,,,https://www.data.gouv.fr/fr/organizations/5bc75fbe8b4c417d0a07c480/,8,5bc75fbe8b4c417d0a07c480,,49461,48.8479,2.43968,datagouv,94,15.7,1074,75056,37.7
215906363,Wambrechies,Divers Droite,COM,HDF-32,,,https://www.data.gouv.fr/fr/organizations/5bd875ac634f41794e19695f/,5,5bd875ac634f41794e19695f,,10162,50.6875,3.05354,datagouv,59,18.3,142,,12.3
216803759,Wittelsheim,Divers Centre,COM,GES-44,https://data.mulhouse-alsace.fr/explore/?refine.publisher=Ville+de+Wittelsheim,7,,,,Ville de Wittelsheim,10513,47.804434,7.236899,ptf,68,19.9,83,,3.5
216803841,Zillisheim,Divers Centre,COM,GES-44,https://data.mulhouse-alsace.fr/explore/?refine.publisher=Commune+de+Zillisheim,3,,,,Commune de Zillisheim,2685,47.695055,7.294953,ptf,68,22.8,15,,9.7
